Student ID,Subject,Score,Group,points,total_points,avg_points_per_grade,points_without_a
4,Maths,65,F,1,44,31.67750213857998,14
5,Maths,86,B,8,52,38.91189050470488,22
8,Maths,82,C,6,42,36.84174508126604,32
11,Maths,61,F,1,45,31.67750213857998,25
14,Maths,63,F,1,45,31.67750213857998,15
17,Maths,70,E,2,42,33.33618477331052,32
22,Maths,91,B,8,43,38.91189050470488,43
23,Maths,78,D,4,52,35.019793459552496,32
25,Maths,90,B,8,47,38.91189050470488,37
42,Maths,90,B,8,51,38.91189050470488,21
51,Maths,75,D,4,46,35.019793459552496,36
56,Maths,62,F,1,55,31.67750213857998,25
57,Maths,81,C,6,48,36.84174508126604,28
58,Maths,76,D,4,44,35.019793459552496,34
80,Maths,77,D,4,52,35.019793459552496,42
89,Maths,92,B,8,47,38.91189050470488,37
96,Maths,84,C,6,45,36.84174508126604,15
100,Maths,76,D,4,42,35.019793459552496,32
101,Maths,82,C,6,42,36.84174508126604,42
102,Maths,76,D,4,46,35.019793459552496,36
130,Maths,87,B,8,52,38.91189050470488,42
131,Maths,64,F,1,42,31.67750213857998,12
141,Maths,87,B,8,44,38.91189050470488,24
146,Maths,76,D,4,44,35.019793459552496,24
149,Maths,84,C,6,47,36.84174508126604,27
151,Maths,88,B,8,48,38.91189050470488,48
156,Maths,91,B,8,44,38.91189050470488,34
163,Maths,89,B,8,46,38.91189050470488,36
180,Maths,79,D,4,48,35.019793459552496,38
185,Maths,77,D,4,44,35.019793459552496,24
187,Maths,87,B,8,46,38.91189050470488,36
191,Maths,61,F,1,42,31.67750213857998,22
194,Maths,75,D,4,44,35.019793459552496,24
203,Maths,73,D,4,56,35.019793459552496,36
216,Maths,80,C,6,43,36.84174508126604,23
218,Maths,81,C,6,42,36.84174508126604,32
220,Maths,76,D,4,50,35.019793459552496,20
225,Maths,62,F,1,43,31.67750213857998,13
227,Maths,70,E,2,44,33.33618477331052,34
228,Maths,88,B,8,42,38.91189050470488,32
236,Maths,82,C,6,44,36.84174508126604,24
238,Maths,70,E,2,46,33.33618477331052,36
240,Maths,81,C,6,43,36.84174508126604,13
243,Maths,70,E,2,42,33.33618477331052,32
259,Maths,90,B,8,49,38.91189050470488,19
262,Maths,88,B,8,43,38.91189050470488,33
263,Maths,79,D,4,43,35.019793459552496,13
266,Maths,81,C,6,46,36.84174508126604,36
267,Maths,77,D,4,48,35.019793459552496,38
272,Maths,78,D,4,51,35.019793459552496,21
285,Maths,69,E,2,43,33.33618477331052,33
289,Maths,89,B,8,52,38.91189050470488,32
295,Maths,74,D,4,44,35.019793459552496,24
298,Maths,75,D,4,50,35.019793459552496,30
300,Maths,77,D,4,52,35.019793459552496,22
302,Maths,71,E,2,43,33.33618477331052,23
303,Maths,85,C,6,44,36.84174508126604,34
307,Maths,89,B,8,50,38.91189050470488,40
318,Maths,89,B,8,42,38.91189050470488,42
323,Maths,92,B,8,44,38.91189050470488,24
325,Maths,80,C,6,43,36.84174508126604,13
326,Maths,86,B,8,47,38.91189050470488,27
328,Maths,90,B,8,42,38.91189050470488,32
337,Maths,62,F,1,47,31.67750213857998,17
339,Maths,75,D,4,46,35.019793459552496,26
341,Maths,89,B,8,44,38.91189050470488,24
344,Maths,88,B,8,42,38.91189050470488,22
350,Maths,75,D,4,48,35.019793459552496,8
358,Maths,87,B,8,48,38.91189050470488,18
382,Maths,82,C,6,56,36.84174508126604,26
392,Maths,91,B,8,43,38.91189050470488,33
407,Maths,60,F,1,43,31.67750213857998,33
411,Maths,92,B,8,42,38.91189050470488,32
412,Maths,88,B,8,42,38.91189050470488,32
426,Maths,74,D,4,43,35.019793459552496,23
434,Maths,88,B,8,43,38.91189050470488,23
435,Maths,74,D,4,45,35.019793459552496,35
438,Maths,65,F,1,42,31.67750213857998,12
446,Maths,88,B,8,46,38.91189050470488,26
449,Maths,88,B,8,42,38.91189050470488,22
460,Maths,73,D,4,46,35.019793459552496,26
465,Maths,89,B,8,44,38.91189050470488,34
466,Maths,88,B,8,48,38.91189050470488,48
475,Maths,90,B,8,46,38.91189050470488,26
483,Maths,74,D,4,42,35.019793459552496,32
485,Maths,69,E,2,42,33.33618477331052,12
493,Maths,88,B,8,43,38.91189050470488,23
497,Maths,91,B,8,46,38.91189050470488,26
498,Maths,75,D,4,42,35.019793459552496,32
502,Maths,84,C,6,44,36.84174508126604,34
504,Maths,89,B,8,47,38.91189050470488,17
510,Maths,64,F,1,42,31.67750213857998,22
511,Maths,60,F,1,43,31.67750213857998,33
515,Maths,87,B,8,52,38.91189050470488,22
516,Maths,80,C,6,44,36.84174508126604,34
528,Maths,67,E,2,50,33.33618477331052,20
531,Maths,90,B,8,42,38.91189050470488,32
532,Maths,65,F,1,44,31.67750213857998,4
538,Maths,82,C,6,42,36.84174508126604,32
539,Maths,80,C,6,48,36.84174508126604,28
541,Maths,76,D,4,43,35.019793459552496,23
544,Maths,61,F,1,53,31.67750213857998,23
546,Maths,92,B,8,46,38.91189050470488,26
547,Maths,82,C,6,45,36.84174508126604,25
550,Maths,68,E,2,48,33.33618477331052,18
551,Maths,92,B,8,52,38.91189050470488,32
565,Maths,85,C,6,44,36.84174508126604,44
572,Maths,90,B,8,44,38.91189050470488,44
578,Maths,79,C,6,50,36.84174508126604,40
581,Maths,73,D,4,48,35.019793459552496,28
582,Maths,90,B,8,46,38.91189050470488,36
585,Maths,66,E,2,44,33.33618477331052,24
597,Maths,80,C,6,42,36.84174508126604,32
599,Maths,70,E,2,48,33.33618477331052,38
601,Maths,71,E,2,46,33.33618477331052,16
602,Maths,67,E,2,44,33.33618477331052,24
605,Maths,63,F,1,44,31.67750213857998,24
607,Maths,63,F,1,43,31.67750213857998,23
608,Maths,72,E,2,45,33.33618477331052,5
609,Maths,79,C,6,48,36.84174508126604,28
620,Maths,91,B,8,42,38.91189050470488,32
625,Maths,64,F,1,43,31.67750213857998,23
627,Maths,88,B,8,46,38.91189050470488,46
635,Maths,70,E,2,43,33.33618477331052,13
639,Maths,76,D,4,44,35.019793459552496,24
641,Maths,60,F,1,45,31.67750213857998,25
648,Maths,66,E,2,42,33.33618477331052,32
650,Maths,70,E,2,46,33.33618477331052,36
654,Maths,65,F,1,49,31.67750213857998,19
657,Maths,67,E,2,44,33.33618477331052,24
660,Maths,79,C,6,46,36.84174508126604,36
672,Maths,76,D,4,46,35.019793459552496,36
684,Maths,81,C,6,52,36.84174508126604,22
687,Maths,91,B,8,56,38.91189050470488,26
693,Maths,68,E,2,54,33.33618477331052,14
694,Maths,87,B,8,43,38.91189050470488,43
706,Maths,79,C,6,43,36.84174508126604,33
720,Maths,88,B,8,44,38.91189050470488,34
721,Maths,79,C,6,48,36.84174508126604,28
724,Maths,80,C,6,45,36.84174508126604,35
725,Maths,72,E,2,42,33.33618477331052,32
728,Maths,83,C,6,43,36.84174508126604,23
736,Maths,72,E,2,42,33.33618477331052,22
753,Maths,63,F,1,43,31.67750213857998,3
754,Maths,81,C,6,46,36.84174508126604,36
760,Maths,91,B,8,43,38.91189050470488,23
764,Maths,89,B,8,58,38.91189050470488,28
766,Maths,69,E,2,47,33.33618477331052,17
769,Maths,72,E,2,44,33.33618477331052,4
777,Maths,82,C,6,42,36.84174508126604,32
782,Maths,82,C,6,48,36.84174508126604,28
784,Maths,70,E,2,42,33.33618477331052,22
788,Maths,86,B,8,42,38.91189050470488,22
791,Maths,76,D,4,43,35.019793459552496,33
792,Maths,71,E,2,50,33.33618477331052,30
816,Maths,73,D,4,46,35.019793459552496,26
823,Maths,76,D,4,43,35.019793459552496,23
828,Maths,88,B,8,42,38.91189050470488,32
831,Maths,62,F,1,43,31.67750213857998,33
845,Maths,87,B,8,46,38.91189050470488,26
846,Maths,87,B,8,54,38.91189050470488,34
855,Maths,68,E,2,52,33.33618477331052,32
857,Maths,88,B,8,47,38.91189050470488,27
863,Maths,89,B,8,50,38.91189050470488,40
864,Maths,87,B,8,44,38.91189050470488,24
867,Maths,92,B,8,52,38.91189050470488,32
871,Maths,72,E,2,50,33.33618477331052,10
874,Maths,88,B,8,58,38.91189050470488,18
890,Maths,87,B,8,42,38.91189050470488,42
891,Maths,73,D,4,52,35.019793459552496,22
895,Maths,80,C,6,42,36.84174508126604,22
897,Maths,79,C,6,45,36.84174508126604,25
904,Maths,83,C,6,46,36.84174508126604,16
911,Maths,67,E,2,48,33.33618477331052,18
912,Maths,90,B,8,46,38.91189050470488,26
920,Maths,92,B,8,42,38.91189050470488,32
922,Maths,84,C,6,42,36.84174508126604,32
924,Maths,74,D,4,42,35.019793459552496,32
931,Maths,68,E,2,42,33.33618477331052,32
932,Maths,91,B,8,49,38.91189050470488,29
936,Maths,80,C,6,44,36.84174508126604,34
940,Maths,77,D,4,46,35.019793459552496,26
944,Maths,77,D,4,42,35.019793459552496,12
951,Maths,86,B,8,45,38.91189050470488,35
952,Maths,72,D,4,43,35.019793459552496,23
953,Maths,64,F,1,42,31.67750213857998,12
955,Maths,68,E,2,42,33.33618477331052,32
961,Maths,83,C,6,54,36.84174508126604,14
962,Maths,87,B,8,52,38.91189050470488,32
973,Maths,83,C,6,48,36.84174508126604,18
975,Maths,82,C,6,45,36.84174508126604,25
982,Maths,86,B,8,54,38.91189050470488,24
985,Maths,61,F,1,51,31.67750213857998,11
988,Maths,75,D,4,46,35.019793459552496,36
993,Maths,87,B,8,42,38.91189050470488,22
994,Maths,79,C,6,42,36.84174508126604,32
8,English,76,D,4,42,35.019793459552496,32
12,English,80,D,4,52,35.019793459552496,22
14,English,92,B,8,45,38.91189050470488,15
17,English,88,B,8,42,38.91189050470488,32
22,English,82,C,6,43,36.84174508126604,43
24,English,72,E,2,46,33.33618477331052,16
25,English,65,F,1,47,31.67750213857998,37
35,English,70,E,2,52,33.33618477331052,22
42,English,74,D,4,51,35.019793459552496,21
43,English,80,D,4,48,35.019793459552496,28
51,English,81,C,6,46,36.84174508126604,36
54,English,77,D,4,44,35.019793459552496,24
55,English,93,B,8,45,38.91189050470488,25
58,English,83,C,6,44,36.84174508126604,34
63,English,90,B,8,49,38.91189050470488,19
65,English,82,C,6,56,36.84174508126604,26
80,English,91,B,8,52,38.91189050470488,42
99,English,75,D,4,44,35.019793459552496,14
100,English,83,C,6,42,36.84174508126604,32
101,English,91,B,8,42,38.91189050470488,42
102,English,80,D,4,46,35.019793459552496,36
125,English,77,D,4,42,35.019793459552496,32
130,English,92,B,8,52,38.91189050470488,42
149,English,66,F,1,47,31.67750213857998,27
151,English,83,C,6,48,36.84174508126604,48
156,English,82,C,6,44,36.84174508126604,34
161,English,61,F,1,46,31.67750213857998,16
163,English,88,B,8,46,38.91189050470488,36
169,English,64,F,1,47,31.67750213857998,27
176,English,91,B,8,43,38.91189050470488,23
180,English,84,C,6,48,36.84174508126604,38
184,English,77,D,4,45,35.019793459552496,15
185,English,90,B,8,44,38.91189050470488,24
187,English,69,E,2,46,33.33618477331052,36
188,English,66,F,1,43,31.67750213857998,23
194,English,86,C,6,44,36.84174508126604,24
197,English,60,F,1,51,31.67750213857998,11
198,English,84,C,6,42,36.84174508126604,32
203,English,88,B,8,56,38.91189050470488,36
216,English,82,C,6,43,36.84174508126604,23
218,English,86,C,6,42,36.84174508126604,32
220,English,82,C,6,50,36.84174508126604,20
225,English,80,D,4,43,35.019793459552496,13
228,English,81,C,6,42,36.84174508126604,32
235,English,82,C,6,44,36.84174508126604,14
236,English,75,D,4,44,35.019793459552496,24
238,English,93,B,8,46,38.91189050470488,36
240,English,77,D,4,43,35.019793459552496,13
243,English,91,B,8,42,38.91189050470488,32
252,English,73,E,2,43,33.33618477331052,13
260,English,87,C,6,46,36.84174508126604,16
262,English,71,E,2,43,33.33618477331052,33
267,English,93,B,8,48,38.91189050470488,38
282,English,89,B,8,48,38.91189050470488,38
285,English,88,B,8,43,38.91189050470488,33
298,English,81,C,6,50,36.84174508126604,30
300,English,69,E,2,52,33.33618477331052,22
314,English,89,B,8,45,38.91189050470488,25
318,English,80,D,4,42,35.019793459552496,42
325,English,64,F,1,43,31.67750213857998,13
326,English,63,F,1,47,31.67750213857998,27
328,English,77,D,4,42,35.019793459552496,32
333,English,90,B,8,42,38.91189050470488,22
339,English,93,B,8,46,38.91189050470488,26
341,English,81,C,6,44,36.84174508126604,24
344,English,76,D,4,42,35.019793459552496,22
353,English,69,E,2,42,33.33618477331052,32
371,English,67,F,1,47,31.67750213857998,27
377,English,64,F,1,49,31.67750213857998,19
380,English,65,F,1,43,31.67750213857998,23
397,English,80,D,4,48,35.019793459552496,18
407,English,89,B,8,43,38.91189050470488,33
411,English,75,D,4,42,35.019793459552496,32
412,English,77,D,4,42,35.019793459552496,32
426,English,72,E,2,43,33.33618477331052,23
434,English,77,D,4,43,35.019793459552496,23
438,English,81,C,6,42,36.84174508126604,12
439,English,89,B,8,44,38.91189050470488,34
464,English,91,B,8,50,38.91189050470488,20
465,English,72,E,2,44,33.33618477331052,34
466,English,90,B,8,48,38.91189050470488,48
471,English,86,C,6,42,36.84174508126604,22
483,English,81,C,6,42,36.84174508126604,32
485,English,78,D,4,42,35.019793459552496,12
493,English,69,E,2,43,33.33618477331052,23
497,English,81,C,6,46,36.84174508126604,26
498,English,76,D,4,42,35.019793459552496,32
502,English,69,E,2,44,33.33618477331052,34
506,English,89,B,8,43,38.91189050470488,13
510,English,67,F,1,42,31.67750213857998,22
516,English,84,C,6,44,36.84174508126604,34
523,English,77,D,4,42,35.019793459552496,22
529,English,88,B,8,43,38.91189050470488,23
530,English,63,F,1,43,31.67750213857998,23
531,English,78,D,4,42,35.019793459552496,32
533,English,74,D,4,46,35.019793459552496,26
546,English,70,E,2,46,33.33618477331052,26
547,English,83,C,6,45,36.84174508126604,25
558,English,85,C,6,48,36.84174508126604,28
559,English,65,F,1,45,31.67750213857998,15
565,English,79,D,4,44,35.019793459552496,44
572,English,71,E,2,44,33.33618477331052,44
578,English,83,C,6,50,36.84174508126604,40
581,English,83,C,6,48,36.84174508126604,28
585,English,76,D,4,44,35.019793459552496,24
600,English,64,F,1,51,31.67750213857998,31
602,English,78,D,4,44,35.019793459552496,24
607,English,78,D,4,43,35.019793459552496,23
609,English,86,C,6,48,36.84174508126604,28
620,English,69,E,2,42,33.33618477331052,32
624,English,89,B,8,55,38.91189050470488,15
625,English,69,E,2,43,33.33618477331052,23
627,English,84,C,6,46,36.84174508126604,46
634,English,86,C,6,48,36.84174508126604,28
635,English,92,B,8,43,38.91189050470488,13
639,English,77,D,4,44,35.019793459552496,24
641,English,75,D,4,45,35.019793459552496,25
643,English,88,B,8,44,38.91189050470488,24
645,English,69,E,2,44,33.33618477331052,24
648,English,89,B,8,42,38.91189050470488,32
650,English,90,B,8,46,38.91189050470488,36
654,English,87,C,6,49,36.84174508126604,19
657,English,72,E,2,44,33.33618477331052,24
658,English,71,E,2,43,33.33618477331052,13
659,English,74,D,4,43,35.019793459552496,23
660,English,85,C,6,46,36.84174508126604,36
672,English,75,D,4,46,35.019793459552496,36
677,English,90,B,8,44,38.91189050470488,34
680,English,93,B,8,52,38.91189050470488,22
684,English,77,D,4,52,35.019793459552496,22
693,English,78,D,4,54,35.019793459552496,14
694,English,65,F,1,43,31.67750213857998,43
706,English,83,C,6,43,36.84174508126604,33
721,English,75,D,4,48,35.019793459552496,28
724,English,61,F,1,45,31.67750213857998,35
725,English,86,C,6,42,36.84174508126604,32
728,English,63,F,1,43,31.67750213857998,23
740,English,92,B,8,46,38.91189050470488,36
742,English,74,D,4,44,35.019793459552496,24
754,English,68,E,2,46,33.33618477331052,36
760,English,61,F,1,43,31.67750213857998,23
764,English,89,B,8,58,38.91189050470488,28
766,English,85,C,6,47,36.84174508126604,17
769,English,65,F,1,44,31.67750213857998,4
777,English,93,B,8,42,38.91189050470488,32
782,English,78,D,4,48,35.019793459552496,28
792,English,92,B,8,50,38.91189050470488,30
799,English,82,C,6,46,36.84174508126604,16
816,English,91,B,8,46,38.91189050470488,26
823,English,84,C,6,43,36.84174508126604,23
828,English,64,F,1,42,31.67750213857998,32
831,English,91,B,8,43,38.91189050470488,33
837,English,88,B,8,54,38.91189050470488,44
841,English,91,B,8,45,38.91189050470488,25
844,English,65,F,1,50,31.67750213857998,10
845,English,84,C,6,46,36.84174508126604,26
846,English,93,B,8,54,38.91189050470488,34
857,English,76,D,4,47,35.019793459552496,27
863,English,90,B,8,50,38.91189050470488,40
864,English,65,F,1,44,31.67750213857998,24
865,English,89,B,8,47,38.91189050470488,27
867,English,84,C,6,52,36.84174508126604,32
868,English,78,D,4,44,35.019793459552496,14
887,English,87,C,6,58,36.84174508126604,28
890,English,68,E,2,42,33.33618477331052,42
891,English,85,C,6,52,36.84174508126604,22
895,English,87,C,6,42,36.84174508126604,22
897,English,81,C,6,45,36.84174508126604,25
901,English,67,E,2,44,33.33618477331052,24
904,English,73,E,2,46,33.33618477331052,16
912,English,88,B,8,46,38.91189050470488,26
920,English,73,E,2,42,33.33618477331052,32
926,English,64,F,1,47,31.67750213857998,17
928,English,60,F,1,55,31.67750213857998,25
931,English,93,B,8,42,38.91189050470488,32
936,English,76,D,4,44,35.019793459552496,34
940,English,93,B,8,46,38.91189050470488,26
944,English,63,F,1,42,31.67750213857998,12
945,English,89,B,8,49,38.91189050470488,19
951,English,89,B,8,45,38.91189050470488,35
952,English,64,F,1,43,31.67750213857998,23
953,English,67,E,2,42,33.33618477331052,12
955,English,83,C,6,42,36.84174508126604,32
962,English,89,B,8,52,38.91189050470488,32
972,English,69,E,2,44,33.33618477331052,24
973,English,77,D,4,48,35.019793459552496,18
975,English,61,F,1,45,31.67750213857998,25
981,English,75,D,4,46,35.019793459552496,16
988,English,87,B,8,46,38.91189050470488,36
993,English,61,F,1,42,31.67750213857998,22
994,English,82,C,6,42,36.84174508126604,32
996,English,85,C,6,49,36.84174508126604,29
5,Spanish,94,B,8,52,38.91189050470488,22
8,Spanish,81,C,6,42,36.84174508126604,32
11,Spanish,83,C,6,45,36.84174508126604,25
16,Spanish,94,B,8,54,38.91189050470488,24
22,Spanish,88,B,8,43,38.91189050470488,43
23,Spanish,75,D,4,52,35.019793459552496,32
24,Spanish,75,D,4,46,35.019793459552496,16
25,Spanish,83,C,6,47,36.84174508126604,37
35,Spanish,82,C,6,52,36.84174508126604,22
51,Spanish,88,B,8,46,38.91189050470488,36
54,Spanish,68,E,2,44,33.33618477331052,24
55,Spanish,63,F,1,45,31.67750213857998,25
56,Spanish,94,B,8,55,38.91189050470488,25
57,Spanish,80,D,4,48,35.019793459552496,28
58,Spanish,84,C,6,44,36.84174508126604,34
63,Spanish,65,F,1,49,31.67750213857998,19
65,Spanish,76,D,4,56,35.019793459552496,26
80,Spanish,92,B,8,52,38.91189050470488,42
84,Spanish,82,C,6,51,36.84174508126604,21
89,Spanish,94,B,8,47,38.91189050470488,37
96,Spanish,72,E,2,45,33.33618477331052,15
100,Spanish,76,D,4,42,35.019793459552496,32
101,Spanish,72,E,2,42,33.33618477331052,42
102,Spanish,84,C,6,46,36.84174508126604,36
125,Spanish,91,B,8,42,38.91189050470488,32
130,Spanish,84,C,6,52,36.84174508126604,42
141,Spanish,63,F,1,44,31.67750213857998,24
146,Spanish,88,B,8,44,38.91189050470488,24
147,Spanish,85,C,6,44,36.84174508126604,24
151,Spanish,76,D,4,48,35.019793459552496,48
159,Spanish,93,B,8,49,38.91189050470488,29
161,Spanish,62,F,1,46,31.67750213857998,16
169,Spanish,85,C,6,47,36.84174508126604,27
176,Spanish,91,B,8,43,38.91189050470488,23
180,Spanish,85,C,6,48,36.84174508126604,38
188,Spanish,86,C,6,43,36.84174508126604,23
194,Spanish,72,E,2,44,33.33618477331052,24
197,Spanish,77,D,4,51,35.019793459552496,11
198,Spanish,94,B,8,42,38.91189050470488,32
201,Spanish,73,E,2,44,33.33618477331052,24
203,Spanish,91,B,8,56,38.91189050470488,36
209,Spanish,70,E,2,43,33.33618477331052,13
225,Spanish,84,C,6,43,36.84174508126604,13
227,Spanish,88,B,8,44,38.91189050470488,34
228,Spanish,78,D,4,42,35.019793459552496,32
235,Spanish,81,C,6,44,36.84174508126604,14
238,Spanish,93,B,8,46,38.91189050470488,36
240,Spanish,73,E,2,43,33.33618477331052,13
243,Spanish,93,B,8,42,38.91189050470488,32
252,Spanish,92,B,8,43,38.91189050470488,13
259,Spanish,78,D,4,49,35.019793459552496,19
262,Spanish,67,F,1,43,31.67750213857998,33
263,Spanish,75,D,4,43,35.019793459552496,13
266,Spanish,93,B,8,46,38.91189050470488,36
267,Spanish,94,B,8,48,38.91189050470488,38
282,Spanish,69,E,2,48,33.33618477331052,38
285,Spanish,60,F,1,43,31.67750213857998,33
289,Spanish,91,B,8,52,38.91189050470488,32
295,Spanish,72,E,2,44,33.33618477331052,24
302,Spanish,92,B,8,43,38.91189050470488,23
303,Spanish,81,C,6,44,36.84174508126604,34
307,Spanish,89,B,8,50,38.91189050470488,40
313,Spanish,86,C,6,50,36.84174508126604,20
314,Spanish,67,F,1,45,31.67750213857998,25
318,Spanish,84,C,6,42,36.84174508126604,42
321,Spanish,81,C,6,52,36.84174508126604,32
323,Spanish,77,D,4,44,35.019793459552496,24
326,Spanish,92,B,8,47,38.91189050470488,27
333,Spanish,63,F,1,42,31.67750213857998,22
337,Spanish,86,C,6,47,36.84174508126604,17
339,Spanish,87,B,8,46,38.91189050470488,26
353,Spanish,74,D,4,42,35.019793459552496,32
358,Spanish,60,F,1,48,31.67750213857998,18
377,Spanish,91,B,8,49,38.91189050470488,19
382,Spanish,90,B,8,56,38.91189050470488,26
392,Spanish,77,D,4,43,35.019793459552496,33
397,Spanish,74,D,4,48,35.019793459552496,18
407,Spanish,70,E,2,43,33.33618477331052,33
411,Spanish,83,C,6,42,36.84174508126604,32
434,Spanish,75,D,4,43,35.019793459552496,23
435,Spanish,94,B,8,45,38.91189050470488,35
438,Spanish,63,F,1,42,31.67750213857998,12
439,Spanish,80,D,4,44,35.019793459552496,34
446,Spanish,85,C,6,46,36.84174508126604,26
449,Spanish,88,B,8,42,38.91189050470488,22
465,Spanish,71,E,2,44,33.33618477331052,34
466,Spanish,84,C,6,48,36.84174508126604,48
471,Spanish,89,B,8,42,38.91189050470488,22
475,Spanish,71,E,2,46,33.33618477331052,26
493,Spanish,94,B,8,43,38.91189050470488,23
498,Spanish,88,B,8,42,38.91189050470488,32
502,Spanish,83,C,6,44,36.84174508126604,34
504,Spanish,62,F,1,47,31.67750213857998,17
510,Spanish,87,B,8,42,38.91189050470488,22
511,Spanish,83,C,6,43,36.84174508126604,33
515,Spanish,73,D,4,52,35.019793459552496,22
523,Spanish,94,B,8,42,38.91189050470488,22
529,Spanish,87,B,8,43,38.91189050470488,23
530,Spanish,93,B,8,43,38.91189050470488,23
532,Spanish,61,F,1,44,31.67750213857998,4
533,Spanish,90,B,8,46,38.91189050470488,26
538,Spanish,90,B,8,42,38.91189050470488,32
539,Spanish,82,C,6,48,36.84174508126604,28
541,Spanish,93,B,8,43,38.91189050470488,23
544,Spanish,84,C,6,53,36.84174508126604,23
546,Spanish,83,C,6,46,36.84174508126604,26
547,Spanish,94,B,8,45,38.91189050470488,25
550,Spanish,93,B,8,48,38.91189050470488,18
551,Spanish,84,C,6,52,36.84174508126604,32
558,Spanish,79,D,4,48,35.019793459552496,28
565,Spanish,76,D,4,44,35.019793459552496,44
572,Spanish,82,C,6,44,36.84174508126604,44
578,Spanish,94,B,8,50,38.91189050470488,40
581,Spanish,68,E,2,48,33.33618477331052,28
582,Spanish,70,E,2,46,33.33618477331052,36
585,Spanish,84,C,6,44,36.84174508126604,24
597,Spanish,88,B,8,42,38.91189050470488,32
599,Spanish,91,B,8,48,38.91189050470488,38
601,Spanish,77,D,4,46,35.019793459552496,16
602,Spanish,83,C,6,44,36.84174508126604,24
605,Spanish,91,B,8,44,38.91189050470488,24
608,Spanish,72,E,2,45,33.33618477331052,5
620,Spanish,83,C,6,42,36.84174508126604,32
624,Spanish,81,C,6,55,36.84174508126604,15
626,Spanish,74,D,4,52,35.019793459552496,22
627,Spanish,83,C,6,46,36.84174508126604,46
634,Spanish,83,C,6,48,36.84174508126604,28
639,Spanish,93,B,8,44,38.91189050470488,24
645,Spanish,92,B,8,44,38.91189050470488,24
648,Spanish,91,B,8,42,38.91189050470488,32
650,Spanish,81,C,6,46,36.84174508126604,36
654,Spanish,78,D,4,49,35.019793459552496,19
657,Spanish,84,C,6,44,36.84174508126604,24
659,Spanish,90,B,8,43,38.91189050470488,23
669,Spanish,75,D,4,52,35.019793459552496,22
672,Spanish,85,C,6,46,36.84174508126604,36
677,Spanish,81,C,6,44,36.84174508126604,34
680,Spanish,84,C,6,52,36.84174508126604,22
694,Spanish,76,D,4,43,35.019793459552496,43
702,Spanish,83,C,6,52,36.84174508126604,22
706,Spanish,88,B,8,43,38.91189050470488,33
715,Spanish,92,B,8,46,38.91189050470488,16
720,Spanish,66,F,1,44,31.67750213857998,34
725,Spanish,79,D,4,42,35.019793459552496,32
728,Spanish,82,C,6,43,36.84174508126604,23
736,Spanish,92,B,8,42,38.91189050470488,22
740,Spanish,92,B,8,46,38.91189050470488,36
742,Spanish,85,C,6,44,36.84174508126604,24
754,Spanish,90,B,8,46,38.91189050470488,36
760,Spanish,70,E,2,43,33.33618477331052,23
764,Spanish,89,B,8,58,38.91189050470488,28
769,Spanish,63,F,1,44,31.67750213857998,4
777,Spanish,79,D,4,42,35.019793459552496,32
782,Spanish,79,D,4,48,35.019793459552496,28
784,Spanish,90,B,8,42,38.91189050470488,22
788,Spanish,85,C,6,42,36.84174508126604,22
791,Spanish,88,B,8,43,38.91189050470488,33
803,Spanish,78,D,4,52,35.019793459552496,22
816,Spanish,67,E,2,46,33.33618477331052,26
823,Spanish,86,C,6,43,36.84174508126604,23
828,Spanish,93,B,8,42,38.91189050470488,32
829,Spanish,76,D,4,43,35.019793459552496,13
831,Spanish,71,E,2,43,33.33618477331052,33
833,Spanish,77,D,4,52,35.019793459552496,22
837,Spanish,88,B,8,54,38.91189050470488,44
839,Spanish,76,D,4,58,35.019793459552496,8
841,Spanish,86,C,6,45,36.84174508126604,25
844,Spanish,63,F,1,50,31.67750213857998,10
845,Spanish,68,E,2,46,33.33618477331052,26
855,Spanish,91,B,8,52,38.91189050470488,32
863,Spanish,82,C,6,50,36.84174508126604,40
864,Spanish,64,F,1,44,31.67750213857998,24
865,Spanish,62,F,1,47,31.67750213857998,27
868,Spanish,82,C,6,44,36.84174508126604,14
870,Spanish,69,E,2,42,33.33618477331052,22
887,Spanish,93,B,8,58,38.91189050470488,28
890,Spanish,83,C,6,42,36.84174508126604,42
891,Spanish,85,C,6,52,36.84174508126604,22
897,Spanish,64,F,1,45,31.67750213857998,25
901,Spanish,81,C,6,44,36.84174508126604,24
904,Spanish,69,E,2,46,33.33618477331052,16
911,Spanish,78,D,4,48,35.019793459552496,18
914,Spanish,70,E,2,52,33.33618477331052,22
920,Spanish,84,C,6,42,36.84174508126604,32
922,Spanish,79,D,4,42,35.019793459552496,32
924,Spanish,92,B,8,42,38.91189050470488,32
926,Spanish,81,C,6,47,36.84174508126604,17
928,Spanish,89,B,8,55,38.91189050470488,25
932,Spanish,85,C,6,49,36.84174508126604,29
944,Spanish,80,C,6,42,36.84174508126604,12
945,Spanish,69,E,2,49,33.33618477331052,19
951,Spanish,88,B,8,45,38.91189050470488,35
953,Spanish,93,B,8,42,38.91189050470488,12
961,Spanish,83,C,6,54,36.84174508126604,14
972,Spanish,69,E,2,44,33.33618477331052,24
973,Spanish,67,E,2,48,33.33618477331052,18
975,Spanish,89,B,8,45,38.91189050470488,25
981,Spanish,75,D,4,46,35.019793459552496,16
982,Spanish,85,C,6,54,36.84174508126604,24
988,Spanish,71,E,2,46,33.33618477331052,36
994,Spanish,85,C,6,42,36.84174508126604,32
996,Spanish,83,C,6,49,36.84174508126604,29
997,Spanish,87,B,8,56,38.91189050470488,26
4,Science,89,B,8,44,38.91189050470488,14
12,Science,85,C,6,52,36.84174508126604,22
14,Science,68,E,2,45,33.33618477331052,15
16,Science,83,C,6,54,36.84174508126604,24
17,Science,92,B,8,42,38.91189050470488,32
22,Science,94,B,8,43,38.91189050470488,43
23,Science,91,B,8,52,38.91189050470488,32
25,Science,88,B,8,47,38.91189050470488,37
43,Science,82,C,6,48,36.84174508126604,28
55,Science,70,E,2,45,33.33618477331052,25
56,Science,92,B,8,55,38.91189050470488,25
57,Science,88,B,8,48,38.91189050470488,28
58,Science,84,C,6,44,36.84174508126604,34
65,Science,89,B,8,56,38.91189050470488,26
80,Science,90,B,8,52,38.91189050470488,42
84,Science,81,C,6,51,36.84174508126604,21
89,Science,86,C,6,47,36.84174508126604,37
99,Science,74,E,2,44,33.33618477331052,14
100,Science,90,B,8,42,38.91189050470488,32
101,Science,76,D,4,42,35.019793459552496,42
102,Science,84,C,6,46,36.84174508126604,36
125,Science,71,E,2,42,33.33618477331052,32
130,Science,79,D,4,52,35.019793459552496,42
141,Science,64,F,1,44,31.67750213857998,24
145,Science,77,D,4,50,35.019793459552496,20
146,Science,93,B,8,44,38.91189050470488,24
147,Science,93,B,8,44,38.91189050470488,24
149,Science,94,B,8,47,38.91189050470488,27
151,Science,86,C,6,48,36.84174508126604,48
156,Science,71,E,2,44,33.33618477331052,34
159,Science,89,B,8,49,38.91189050470488,29
161,Science,92,B,8,46,38.91189050470488,16
163,Science,76,D,4,46,35.019793459552496,36
180,Science,92,B,8,48,38.91189050470488,38
187,Science,94,B,8,46,38.91189050470488,36
188,Science,93,B,8,43,38.91189050470488,23
191,Science,81,C,6,42,36.84174508126604,22
198,Science,86,C,6,42,36.84174508126604,32
201,Science,82,C,6,44,36.84174508126604,24
209,Science,63,F,1,43,31.67750213857998,13
216,Science,90,B,8,43,38.91189050470488,23
218,Science,88,B,8,42,38.91189050470488,32
220,Science,87,C,6,50,36.84174508126604,20
227,Science,82,C,6,44,36.84174508126604,34
228,Science,69,E,2,42,33.33618477331052,32
235,Science,60,F,1,44,31.67750213857998,14
260,Science,82,C,6,46,36.84174508126604,16
262,Science,91,B,8,43,38.91189050470488,33
266,Science,78,D,4,46,35.019793459552496,36
267,Science,83,C,6,48,36.84174508126604,38
272,Science,61,F,1,51,31.67750213857998,21
282,Science,81,C,6,48,36.84174508126604,38
285,Science,84,C,6,43,36.84174508126604,33
289,Science,93,B,8,52,38.91189050470488,32
295,Science,72,E,2,44,33.33618477331052,24
298,Science,78,D,4,50,35.019793459552496,30
300,Science,94,B,8,52,38.91189050470488,22
302,Science,61,F,1,43,31.67750213857998,23
303,Science,79,D,4,44,35.019793459552496,34
307,Science,93,B,8,50,38.91189050470488,40
313,Science,78,D,4,50,35.019793459552496,20
314,Science,92,B,8,45,38.91189050470488,25
318,Science,92,B,8,42,38.91189050470488,42
321,Science,83,C,6,52,36.84174508126604,32
323,Science,76,D,4,44,35.019793459552496,24
326,Science,89,B,8,47,38.91189050470488,27
328,Science,94,B,8,42,38.91189050470488,32
337,Science,73,E,2,47,33.33618477331052,17
341,Science,60,F,1,44,31.67750213857998,24
344,Science,74,D,4,42,35.019793459552496,22
353,Science,92,B,8,42,38.91189050470488,32
371,Science,82,C,6,47,36.84174508126604,27
377,Science,77,D,4,49,35.019793459552496,19
380,Science,77,D,4,43,35.019793459552496,23
382,Science,82,C,6,56,36.84174508126604,26
392,Science,67,F,1,43,31.67750213857998,33
407,Science,90,B,8,43,38.91189050470488,33
411,Science,84,C,6,42,36.84174508126604,32
412,Science,93,B,8,42,38.91189050470488,32
426,Science,94,B,8,43,38.91189050470488,23
435,Science,65,F,1,45,31.67750213857998,35
438,Science,74,D,4,42,35.019793459552496,12
439,Science,67,E,2,44,33.33618477331052,34
446,Science,74,D,4,46,35.019793459552496,26
449,Science,63,F,1,42,31.67750213857998,22
460,Science,91,B,8,46,38.91189050470488,26
464,Science,80,D,4,50,35.019793459552496,20
465,Science,91,B,8,44,38.91189050470488,34
466,Science,76,D,4,48,35.019793459552496,48
471,Science,60,F,1,42,31.67750213857998,22
475,Science,74,D,4,46,35.019793459552496,26
483,Science,90,B,8,42,38.91189050470488,32
485,Science,73,E,2,42,33.33618477331052,12
497,Science,67,E,2,46,33.33618477331052,26
498,Science,69,E,2,42,33.33618477331052,32
504,Science,84,C,6,47,36.84174508126604,17
511,Science,72,E,2,43,33.33618477331052,33
515,Science,86,C,6,52,36.84174508126604,22
516,Science,91,B,8,44,38.91189050470488,34
523,Science,71,E,2,42,33.33618477331052,22
528,Science,94,B,8,50,38.91189050470488,20
529,Science,75,D,4,43,35.019793459552496,23
530,Science,91,B,8,43,38.91189050470488,23
531,Science,74,D,4,42,35.019793459552496,32
533,Science,88,B,8,46,38.91189050470488,26
538,Science,82,C,6,42,36.84174508126604,32
539,Science,79,D,4,48,35.019793459552496,28
541,Science,93,B,8,43,38.91189050470488,23
544,Science,90,B,8,53,38.91189050470488,23
547,Science,74,D,4,45,35.019793459552496,25
551,Science,84,C,6,52,36.84174508126604,32
558,Science,69,E,2,48,33.33618477331052,28
559,Science,73,E,2,45,33.33618477331052,15
565,Science,93,B,8,44,38.91189050470488,44
572,Science,94,B,8,44,38.91189050470488,44
578,Science,80,D,4,50,35.019793459552496,40
582,Science,84,C,6,46,36.84174508126604,36
585,Science,81,C,6,44,36.84174508126604,24
597,Science,72,E,2,42,33.33618477331052,32
599,Science,90,B,8,48,38.91189050470488,38
600,Science,93,B,8,51,38.91189050470488,31
602,Science,74,D,4,44,35.019793459552496,24
605,Science,88,B,8,44,38.91189050470488,24
607,Science,88,B,8,43,38.91189050470488,23
608,Science,64,F,1,45,31.67750213857998,5
609,Science,92,B,8,48,38.91189050470488,28
620,Science,75,D,4,42,35.019793459552496,32
624,Science,66,F,1,55,31.67750213857998,15
626,Science,77,D,4,52,35.019793459552496,22
627,Science,88,B,8,46,38.91189050470488,46
634,Science,83,C,6,48,36.84174508126604,28
635,Science,68,E,2,43,33.33618477331052,13
639,Science,84,C,6,44,36.84174508126604,24
643,Science,73,E,2,44,33.33618477331052,24
645,Science,87,C,6,44,36.84174508126604,24
648,Science,79,D,4,42,35.019793459552496,32
650,Science,89,B,8,46,38.91189050470488,36
658,Science,61,F,1,43,31.67750213857998,13
660,Science,89,B,8,46,38.91189050470488,36
672,Science,91,B,8,46,38.91189050470488,36
677,Science,76,D,4,44,35.019793459552496,34
693,Science,92,B,8,54,38.91189050470488,14
694,Science,86,C,6,43,36.84174508126604,43
702,Science,86,C,6,52,36.84174508126604,22
706,Science,74,D,4,43,35.019793459552496,33
715,Science,66,F,1,46,31.67750213857998,16
720,Science,89,B,8,44,38.91189050470488,34
724,Science,84,C,6,45,36.84174508126604,35
736,Science,87,C,6,42,36.84174508126604,22
740,Science,68,E,2,46,33.33618477331052,36
742,Science,78,D,4,44,35.019793459552496,24
753,Science,61,F,1,43,31.67750213857998,3
754,Science,83,C,6,46,36.84174508126604,36
760,Science,83,C,6,43,36.84174508126604,23
764,Science,79,D,4,58,35.019793459552496,28
782,Science,93,B,8,48,38.91189050470488,28
784,Science,71,E,2,42,33.33618477331052,22
788,Science,61,F,1,42,31.67750213857998,22
791,Science,79,D,4,43,35.019793459552496,33
792,Science,89,B,8,50,38.91189050470488,30
799,Science,78,D,4,46,35.019793459552496,16
803,Science,88,B,8,52,38.91189050470488,22
809,Science,77,D,4,53,35.019793459552496,13
823,Science,62,F,1,43,31.67750213857998,23
828,Science,62,F,1,42,31.67750213857998,32
829,Science,80,D,4,43,35.019793459552496,13
833,Science,73,E,2,52,33.33618477331052,22
837,Science,77,D,4,54,35.019793459552496,44
841,Science,62,F,1,45,31.67750213857998,25
846,Science,87,B,8,54,38.91189050470488,34
855,Science,85,C,6,52,36.84174508126604,32
857,Science,65,F,1,47,31.67750213857998,27
863,Science,88,B,8,50,38.91189050470488,40
864,Science,88,B,8,44,38.91189050470488,24
865,Science,71,E,2,47,33.33618477331052,27
870,Science,80,D,4,42,35.019793459552496,22
871,Science,77,D,4,50,35.019793459552496,10
874,Science,72,E,2,58,33.33618477331052,18
887,Science,91,B,8,58,38.91189050470488,28
890,Science,72,E,2,42,33.33618477331052,42
895,Science,69,E,2,42,33.33618477331052,22
901,Science,71,E,2,44,33.33618477331052,24
912,Science,75,D,4,46,35.019793459552496,26
914,Science,79,D,4,52,35.019793459552496,22
920,Science,88,B,8,42,38.91189050470488,32
922,Science,84,C,6,42,36.84174508126604,32
924,Science,68,E,2,42,33.33618477331052,32
926,Science,87,B,8,47,38.91189050470488,17
928,Science,91,B,8,55,38.91189050470488,25
931,Science,80,D,4,42,35.019793459552496,32
932,Science,85,C,6,49,36.84174508126604,29
936,Science,73,E,2,44,33.33618477331052,34
940,Science,76,D,4,46,35.019793459552496,26
945,Science,93,B,8,49,38.91189050470488,19
951,Science,90,B,8,45,38.91189050470488,35
952,Science,93,B,8,43,38.91189050470488,23
955,Science,93,B,8,42,38.91189050470488,32
972,Science,92,B,8,44,38.91189050470488,24
973,Science,85,C,6,48,36.84174508126604,18
988,Science,85,C,6,46,36.84174508126604,36
996,Science,91,B,8,49,38.91189050470488,29
997,Science,80,D,4,56,35.019793459552496,26
5,Art,67,E,2,52,33.33618477331052,22
8,Art,84,C,6,42,36.84174508126604,32
11,Art,93,B,8,45,38.91189050470488,25
12,Art,77,D,4,52,35.019793459552496,22
14,Art,79,D,4,45,35.019793459552496,15
16,Art,82,C,6,54,36.84174508126604,24
17,Art,80,D,4,42,35.019793459552496,32
22,Art,60,F,1,43,31.67750213857998,43
23,Art,91,B,8,52,38.91189050470488,32
24,Art,92,B,8,46,38.91189050470488,16
42,Art,90,B,8,51,38.91189050470488,21
43,Art,82,C,6,48,36.84174508126604,28
51,Art,91,B,8,46,38.91189050470488,36
54,Art,92,B,8,44,38.91189050470488,24
55,Art,88,B,8,45,38.91189050470488,25
58,Art,77,D,4,44,35.019793459552496,34
65,Art,90,B,8,56,38.91189050470488,26
80,Art,81,C,6,52,36.84174508126604,42
84,Art,90,B,8,51,38.91189050470488,21
89,Art,60,F,1,47,31.67750213857998,37
99,Art,80,D,4,44,35.019793459552496,14
100,Art,76,D,4,42,35.019793459552496,32
101,Art,93,B,8,42,38.91189050470488,42
125,Art,80,C,6,42,36.84174508126604,32
130,Art,93,B,8,52,38.91189050470488,42
131,Art,73,E,2,42,33.33618477331052,12
145,Art,79,D,4,50,35.019793459552496,20
147,Art,69,E,2,44,33.33618477331052,24
151,Art,93,B,8,48,38.91189050470488,48
156,Art,81,C,6,44,36.84174508126604,34
159,Art,61,F,1,49,31.67750213857998,29
161,Art,82,C,6,46,36.84174508126604,16
163,Art,82,C,6,46,36.84174508126604,36
169,Art,85,C,6,47,36.84174508126604,27
176,Art,61,F,1,43,31.67750213857998,23
184,Art,65,F,1,45,31.67750213857998,15
185,Art,67,E,2,44,33.33618477331052,24
187,Art,88,B,8,46,38.91189050470488,36
188,Art,84,C,6,43,36.84174508126604,23
191,Art,82,C,6,42,36.84174508126604,22
194,Art,84,C,6,44,36.84174508126604,24
198,Art,70,E,2,42,33.33618477331052,32
201,Art,83,C,6,44,36.84174508126604,24
203,Art,92,B,8,56,38.91189050470488,36
218,Art,87,C,6,42,36.84174508126604,32
220,Art,74,D,4,50,35.019793459552496,20
227,Art,79,D,4,44,35.019793459552496,34
236,Art,75,D,4,44,35.019793459552496,24
238,Art,89,B,8,46,38.91189050470488,36
243,Art,68,E,2,42,33.33618477331052,32
259,Art,64,F,1,49,31.67750213857998,19
260,Art,70,E,2,46,33.33618477331052,16
262,Art,81,C,6,43,36.84174508126604,33
263,Art,63,F,1,43,31.67750213857998,13
266,Art,88,B,8,46,38.91189050470488,36
267,Art,86,C,6,48,36.84174508126604,38
272,Art,92,B,8,51,38.91189050470488,21
282,Art,92,B,8,48,38.91189050470488,38
289,Art,69,E,2,52,33.33618477331052,32
295,Art,93,B,8,44,38.91189050470488,24
298,Art,90,B,8,50,38.91189050470488,30
302,Art,88,B,8,43,38.91189050470488,23
303,Art,85,C,6,44,36.84174508126604,34
307,Art,86,C,6,50,36.84174508126604,40
313,Art,86,C,6,50,36.84174508126604,20
314,Art,71,E,2,45,33.33618477331052,25
318,Art,83,C,6,42,36.84174508126604,42
321,Art,93,B,8,52,38.91189050470488,32
325,Art,78,D,4,43,35.019793459552496,13
328,Art,83,C,6,42,36.84174508126604,32
333,Art,83,C,6,42,36.84174508126604,22
341,Art,92,B,8,44,38.91189050470488,24
344,Art,76,D,4,42,35.019793459552496,22
350,Art,67,E,2,48,33.33618477331052,8
353,Art,88,B,8,42,38.91189050470488,32
371,Art,86,C,6,47,36.84174508126604,27
380,Art,90,B,8,43,38.91189050470488,23
392,Art,79,D,4,43,35.019793459552496,33
397,Art,71,E,2,48,33.33618477331052,18
407,Art,80,C,6,43,36.84174508126604,33
412,Art,67,E,2,42,33.33618477331052,32
426,Art,88,B,8,43,38.91189050470488,23
434,Art,87,C,6,43,36.84174508126604,23
435,Art,81,C,6,45,36.84174508126604,35
439,Art,90,B,8,44,38.91189050470488,34
446,Art,84,C,6,46,36.84174508126604,26
449,Art,62,F,1,42,31.67750213857998,22
460,Art,78,D,4,46,35.019793459552496,26
464,Art,81,C,6,50,36.84174508126604,20
465,Art,93,B,8,44,38.91189050470488,34
466,Art,88,B,8,48,38.91189050470488,48
471,Art,80,C,6,42,36.84174508126604,22
483,Art,78,D,4,42,35.019793459552496,32
485,Art,73,D,4,42,35.019793459552496,12
493,Art,60,F,1,43,31.67750213857998,23
497,Art,84,C,6,46,36.84174508126604,26
498,Art,93,B,8,42,38.91189050470488,32
502,Art,74,D,4,44,35.019793459552496,34
504,Art,70,E,2,47,33.33618477331052,17
506,Art,72,E,2,43,33.33618477331052,13
510,Art,85,C,6,42,36.84174508126604,22
511,Art,88,B,8,43,38.91189050470488,33
515,Art,79,D,4,52,35.019793459552496,22
516,Art,72,E,2,44,33.33618477331052,34
523,Art,68,E,2,42,33.33618477331052,22
528,Art,90,B,8,50,38.91189050470488,20
529,Art,70,E,2,43,33.33618477331052,23
530,Art,78,D,4,43,35.019793459552496,23
531,Art,88,B,8,42,38.91189050470488,32
532,Art,70,E,2,44,33.33618477331052,4
533,Art,67,E,2,46,33.33618477331052,26
538,Art,71,E,2,42,33.33618477331052,32
539,Art,91,B,8,48,38.91189050470488,28
541,Art,60,F,1,43,31.67750213857998,23
550,Art,68,E,2,48,33.33618477331052,18
559,Art,78,D,4,45,35.019793459552496,15
565,Art,89,B,8,44,38.91189050470488,44
572,Art,83,C,6,44,36.84174508126604,44
578,Art,90,B,8,50,38.91189050470488,40
581,Art,91,B,8,48,38.91189050470488,28
582,Art,84,C,6,46,36.84174508126604,36
585,Art,82,C,6,44,36.84174508126604,24
597,Art,84,C,6,42,36.84174508126604,32
599,Art,90,B,8,48,38.91189050470488,38
600,Art,92,B,8,51,38.91189050470488,31
601,Art,83,C,6,46,36.84174508126604,16
602,Art,88,B,8,44,38.91189050470488,24
607,Art,85,C,6,43,36.84174508126604,23
609,Art,72,E,2,48,33.33618477331052,28
620,Art,80,C,6,42,36.84174508126604,32
625,Art,87,C,6,43,36.84174508126604,23
626,Art,90,B,8,52,38.91189050470488,22
627,Art,74,D,4,46,35.019793459552496,46
641,Art,91,B,8,45,38.91189050470488,25
643,Art,87,C,6,44,36.84174508126604,24
645,Art,77,D,4,44,35.019793459552496,24
648,Art,87,C,6,42,36.84174508126604,32
650,Art,75,D,4,46,35.019793459552496,36
654,Art,91,B,8,49,38.91189050470488,19
658,Art,66,E,2,43,33.33618477331052,13
659,Art,84,C,6,43,36.84174508126604,23
660,Art,70,E,2,46,33.33618477331052,36
669,Art,88,B,8,52,38.91189050470488,22
677,Art,78,D,4,44,35.019793459552496,34
680,Art,81,C,6,52,36.84174508126604,22
687,Art,93,B,8,56,38.91189050470488,26
694,Art,89,B,8,43,38.91189050470488,43
702,Art,79,D,4,52,35.019793459552496,22
706,Art,62,F,1,43,31.67750213857998,33
715,Art,64,F,1,46,31.67750213857998,16
720,Art,62,F,1,44,31.67750213857998,34
721,Art,78,D,4,48,35.019793459552496,28
724,Art,80,C,6,45,36.84174508126604,35
725,Art,77,D,4,42,35.019793459552496,32
728,Art,85,C,6,43,36.84174508126604,23
736,Art,69,E,2,42,33.33618477331052,22
740,Art,92,B,8,46,38.91189050470488,36
742,Art,73,D,4,44,35.019793459552496,24
753,Art,61,F,1,43,31.67750213857998,3
754,Art,81,C,6,46,36.84174508126604,36
766,Art,92,B,8,47,38.91189050470488,17
777,Art,75,D,4,42,35.019793459552496,32
782,Art,80,C,6,48,36.84174508126604,28
788,Art,83,C,6,42,36.84174508126604,22
791,Art,60,F,1,43,31.67750213857998,33
792,Art,87,C,6,50,36.84174508126604,30
799,Art,66,E,2,46,33.33618477331052,16
808,Art,90,B,8,60,38.91189050470488,20
809,Art,63,F,1,53,31.67750213857998,13
829,Art,76,D,4,43,35.019793459552496,13
831,Art,91,B,8,43,38.91189050470488,33
833,Art,91,B,8,52,38.91189050470488,22
837,Art,93,B,8,54,38.91189050470488,44
839,Art,78,D,4,58,35.019793459552496,8
841,Art,89,B,8,45,38.91189050470488,25
844,Art,92,B,8,50,38.91189050470488,10
845,Art,84,C,6,46,36.84174508126604,26
855,Art,93,B,8,52,38.91189050470488,32
857,Art,93,B,8,47,38.91189050470488,27
863,Art,76,D,4,50,35.019793459552496,40
865,Art,91,B,8,47,38.91189050470488,27
867,Art,78,D,4,52,35.019793459552496,32
870,Art,81,C,6,42,36.84174508126604,22
890,Art,92,B,8,42,38.91189050470488,42
897,Art,75,D,4,45,35.019793459552496,25
911,Art,75,D,4,48,35.019793459552496,18
914,Art,88,B,8,52,38.91189050470488,22
922,Art,87,B,8,42,38.91189050470488,32
924,Art,67,E,2,42,33.33618477331052,32
926,Art,69,E,2,47,33.33618477331052,17
931,Art,87,B,8,42,38.91189050470488,32
936,Art,92,B,8,44,38.91189050470488,34
952,Art,84,C,6,43,36.84174508126604,23
955,Art,91,B,8,42,38.91189050470488,32
962,Art,68,E,2,52,33.33618477331052,32
972,Art,74,D,4,44,35.019793459552496,24
982,Art,87,B,8,54,38.91189050470488,24
985,Art,83,C,6,51,36.84174508126604,11
988,Art,92,B,8,46,38.91189050470488,36
993,Art,64,F,1,42,31.67750213857998,22
994,Art,66,E,2,42,33.33618477331052,32
996,Art,91,B,8,49,38.91189050470488,29
4,History,77,D,4,44,35.019793459552496,14
5,History,77,D,4,52,35.019793459552496,22
8,History,87,B,8,42,38.91189050470488,32
11,History,87,B,8,45,38.91189050470488,25
17,History,73,D,4,42,35.019793459552496,32
22,History,93,B,8,43,38.91189050470488,43
24,History,70,E,2,46,33.33618477331052,16
25,History,93,B,8,47,38.91189050470488,37
35,History,91,B,8,52,38.91189050470488,22
43,History,76,D,4,48,35.019793459552496,28
51,History,70,E,2,46,33.33618477331052,36
54,History,88,B,8,44,38.91189050470488,24
55,History,81,C,6,45,36.84174508126604,25
57,History,72,E,2,48,33.33618477331052,28
58,History,91,B,8,44,38.91189050470488,34
63,History,93,B,8,49,38.91189050470488,19
84,History,60,F,1,51,31.67750213857998,21
89,History,91,B,8,47,38.91189050470488,37
96,History,83,C,6,45,36.84174508126604,15
99,History,74,D,4,44,35.019793459552496,14
101,History,84,C,6,42,36.84174508126604,42
102,History,92,B,8,46,38.91189050470488,36
125,History,81,C,6,42,36.84174508126604,32
130,History,88,B,8,52,38.91189050470488,42
131,History,93,B,8,42,38.91189050470488,12
141,History,84,C,6,44,36.84174508126604,24
145,History,92,B,8,50,38.91189050470488,20
146,History,67,E,2,44,33.33618477331052,24
147,History,78,D,4,44,35.019793459552496,24
149,History,82,C,6,47,36.84174508126604,27
151,History,93,B,8,48,38.91189050470488,48
156,History,90,B,8,44,38.91189050470488,34
159,History,76,D,4,49,35.019793459552496,29
163,History,69,E,2,46,33.33618477331052,36
169,History,90,B,8,47,38.91189050470488,27
176,History,71,E,2,43,33.33618477331052,23
180,History,83,C,6,48,36.84174508126604,38
184,History,72,E,2,45,33.33618477331052,15
185,History,83,C,6,44,36.84174508126604,24
187,History,88,B,8,46,38.91189050470488,36
188,History,72,E,2,43,33.33618477331052,23
191,History,87,B,8,42,38.91189050470488,22
198,History,87,B,8,42,38.91189050470488,32
201,History,84,C,6,44,36.84174508126604,24
209,History,92,B,8,43,38.91189050470488,13
216,History,72,E,2,43,33.33618477331052,23
218,History,71,E,2,42,33.33618477331052,32
227,History,87,B,8,44,38.91189050470488,34
228,History,87,B,8,42,38.91189050470488,32
235,History,63,F,1,44,31.67750213857998,14
236,History,71,E,2,44,33.33618477331052,24
238,History,67,E,2,46,33.33618477331052,36
240,History,61,F,1,43,31.67750213857998,13
243,History,80,C,6,42,36.84174508126604,32
252,History,68,E,2,43,33.33618477331052,13
259,History,85,C,6,49,36.84174508126604,19
262,History,90,B,8,43,38.91189050470488,33
263,History,73,D,4,43,35.019793459552496,13
266,History,71,E,2,46,33.33618477331052,36
267,History,80,C,6,48,36.84174508126604,38
282,History,87,B,8,48,38.91189050470488,38
285,History,88,B,8,43,38.91189050470488,33
302,History,78,D,4,43,35.019793459552496,23
303,History,73,D,4,44,35.019793459552496,34
307,History,86,C,6,50,36.84174508126604,40
313,History,75,D,4,50,35.019793459552496,20
314,History,84,C,6,45,36.84174508126604,25
318,History,84,C,6,42,36.84174508126604,42
321,History,92,B,8,52,38.91189050470488,32
323,History,69,E,2,44,33.33618477331052,24
325,History,66,E,2,43,33.33618477331052,13
326,History,67,E,2,47,33.33618477331052,27
328,History,68,E,2,42,33.33618477331052,32
333,History,61,F,1,42,31.67750213857998,22
337,History,91,B,8,47,38.91189050470488,17
339,History,69,E,2,46,33.33618477331052,26
341,History,60,F,1,44,31.67750213857998,24
353,History,84,C,6,42,36.84174508126604,32
358,History,93,B,8,48,38.91189050470488,18
371,History,91,B,8,47,38.91189050470488,27
377,History,86,C,6,49,36.84174508126604,19
380,History,78,D,4,43,35.019793459552496,23
392,History,93,B,8,43,38.91189050470488,33
407,History,87,B,8,43,38.91189050470488,33
411,History,72,E,2,42,33.33618477331052,32
412,History,85,C,6,42,36.84174508126604,32
426,History,60,F,1,43,31.67750213857998,23
434,History,65,F,1,43,31.67750213857998,23
435,History,89,B,8,45,38.91189050470488,35
439,History,86,C,6,44,36.84174508126604,34
446,History,68,E,2,46,33.33618477331052,26
449,History,75,D,4,42,35.019793459552496,22
460,History,86,C,6,46,36.84174508126604,26
464,History,67,E,2,50,33.33618477331052,20
465,History,86,C,6,44,36.84174508126604,34
466,History,90,B,8,48,38.91189050470488,48
475,History,92,B,8,46,38.91189050470488,26
483,History,81,C,6,42,36.84174508126604,32
493,History,77,D,4,43,35.019793459552496,23
497,History,76,D,4,46,35.019793459552496,26
502,History,90,B,8,44,38.91189050470488,34
506,History,69,E,2,43,33.33618477331052,13
510,History,85,C,6,42,36.84174508126604,22
511,History,91,B,8,43,38.91189050470488,33
516,History,81,C,6,44,36.84174508126604,34
528,History,68,E,2,50,33.33618477331052,20
529,History,64,F,1,43,31.67750213857998,23
530,History,69,E,2,43,33.33618477331052,23
531,History,81,C,6,42,36.84174508126604,32
533,History,73,D,4,46,35.019793459552496,26
538,History,93,B,8,42,38.91189050470488,32
539,History,73,D,4,48,35.019793459552496,28
541,History,71,E,2,43,33.33618477331052,23
546,History,72,D,4,46,35.019793459552496,26
547,History,65,F,1,45,31.67750213857998,25
551,History,89,B,8,52,38.91189050470488,32
558,History,87,B,8,48,38.91189050470488,28
559,History,90,B,8,45,38.91189050470488,15
565,History,85,C,6,44,36.84174508126604,44
572,History,91,B,8,44,38.91189050470488,44
582,History,81,C,6,46,36.84174508126604,36
597,History,68,E,2,42,33.33618477331052,32
599,History,81,C,6,48,36.84174508126604,38
600,History,84,C,6,51,36.84174508126604,31
605,History,83,C,6,44,36.84174508126604,24
607,History,74,D,4,43,35.019793459552496,23
609,History,83,C,6,48,36.84174508126604,28
620,History,83,C,6,42,36.84174508126604,32
625,History,86,B,8,43,38.91189050470488,23
627,History,87,B,8,46,38.91189050470488,46
634,History,86,B,8,48,38.91189050470488,28
639,History,66,E,2,44,33.33618477331052,24
641,History,79,D,4,45,35.019793459552496,25
643,History,71,E,2,44,33.33618477331052,24
648,History,77,D,4,42,35.019793459552496,32
657,History,92,B,8,44,38.91189050470488,24
659,History,65,F,1,43,31.67750213857998,23
660,History,87,B,8,46,38.91189050470488,36
669,History,72,D,4,52,35.019793459552496,22
672,History,85,C,6,46,36.84174508126604,36
677,History,84,C,6,44,36.84174508126604,34
684,History,87,B,8,52,38.91189050470488,22
687,History,73,D,4,56,35.019793459552496,26
694,History,86,B,8,43,38.91189050470488,43
702,History,82,C,6,52,36.84174508126604,22
706,History,87,B,8,43,38.91189050470488,33
715,History,84,C,6,46,36.84174508126604,16
720,History,86,B,8,44,38.91189050470488,34
721,History,84,C,6,48,36.84174508126604,28
724,History,86,B,8,45,38.91189050470488,35
725,History,90,B,8,42,38.91189050470488,32
736,History,77,D,4,42,35.019793459552496,22
740,History,92,B,8,46,38.91189050470488,36
777,History,81,C,6,42,36.84174508126604,32
784,History,77,D,4,42,35.019793459552496,22
788,History,62,F,1,42,31.67750213857998,22
791,History,91,B,8,43,38.91189050470488,33
792,History,83,C,6,50,36.84174508126604,30
803,History,70,E,2,52,33.33618477331052,22
808,History,92,B,8,60,38.91189050470488,20
809,History,88,B,8,53,38.91189050470488,13
816,History,82,C,6,46,36.84174508126604,26
823,History,82,C,6,43,36.84174508126604,23
828,History,92,B,8,42,38.91189050470488,32
829,History,63,F,1,43,31.67750213857998,13
831,History,82,C,6,43,36.84174508126604,33
837,History,87,B,8,54,38.91189050470488,44
845,History,73,D,4,46,35.019793459552496,26
846,History,84,C,6,54,36.84174508126604,34
867,History,92,B,8,52,38.91189050470488,32
868,History,66,E,2,44,33.33618477331052,14
870,History,68,E,2,42,33.33618477331052,22
890,History,87,B,8,42,38.91189050470488,42
895,History,68,E,2,42,33.33618477331052,22
901,History,83,C,6,44,36.84174508126604,24
912,History,72,D,4,46,35.019793459552496,26
920,History,68,E,2,42,33.33618477331052,32
922,History,79,C,6,42,36.84174508126604,32
924,History,89,B,8,42,38.91189050470488,32
931,History,81,C,6,42,36.84174508126604,32
932,History,62,F,1,49,31.67750213857998,29
936,History,84,C,6,44,36.84174508126604,34
940,History,79,C,6,46,36.84174508126604,26
944,History,61,F,1,42,31.67750213857998,12
951,History,65,F,1,45,31.67750213857998,35
953,History,61,F,1,42,31.67750213857998,12
955,History,73,D,4,42,35.019793459552496,32
961,History,70,E,2,54,33.33618477331052,14
962,History,86,B,8,52,38.91189050470488,32
972,History,87,B,8,44,38.91189050470488,24
975,History,70,E,2,45,33.33618477331052,25
981,History,69,E,2,46,33.33618477331052,16
988,History,91,B,8,46,38.91189050470488,36
993,History,81,C,6,42,36.84174508126604,22
994,History,89,B,8,42,38.91189050470488,32
997,History,80,C,6,56,36.84174508126604,26
4,Geography,62,F,1,44,31.67750213857998,14
8,Geography,71,E,2,42,33.33618477331052,32
11,Geography,70,E,2,45,33.33618477331052,25
12,Geography,94,B,8,52,38.91189050470488,22
16,Geography,79,D,4,54,35.019793459552496,24
17,Geography,84,C,6,42,36.84174508126604,32
22,Geography,80,D,4,43,35.019793459552496,43
23,Geography,90,B,8,52,38.91189050470488,32
25,Geography,81,C,6,47,36.84174508126604,37
35,Geography,84,C,6,52,36.84174508126604,22
42,Geography,60,F,1,51,31.67750213857998,21
43,Geography,93,B,8,48,38.91189050470488,28
51,Geography,91,B,8,46,38.91189050470488,36
54,Geography,73,E,2,44,33.33618477331052,24
56,Geography,92,B,8,55,38.91189050470488,25
57,Geography,92,B,8,48,38.91189050470488,28
63,Geography,68,E,2,49,33.33618477331052,19
80,Geography,93,B,8,52,38.91189050470488,42
89,Geography,84,C,6,47,36.84174508126604,37
96,Geography,65,F,1,45,31.67750213857998,15
100,Geography,81,C,6,42,36.84174508126604,32
101,Geography,89,B,8,42,38.91189050470488,42
102,Geography,92,B,8,46,38.91189050470488,36
125,Geography,82,C,6,42,36.84174508126604,32
131,Geography,61,F,1,42,31.67750213857998,12
141,Geography,89,B,8,44,38.91189050470488,24
145,Geography,80,D,4,50,35.019793459552496,20
146,Geography,72,E,2,44,33.33618477331052,24
147,Geography,78,D,4,44,35.019793459552496,24
149,Geography,81,C,6,47,36.84174508126604,27
151,Geography,94,B,8,48,38.91189050470488,48
156,Geography,75,D,4,44,35.019793459552496,34
159,Geography,90,B,8,49,38.91189050470488,29
163,Geography,91,B,8,46,38.91189050470488,36
169,Geography,88,C,6,47,36.84174508126604,27
176,Geography,75,D,4,43,35.019793459552496,23
180,Geography,90,B,8,48,38.91189050470488,38
184,Geography,90,B,8,45,38.91189050470488,15
185,Geography,80,D,4,44,35.019793459552496,24
187,Geography,67,E,2,46,33.33618477331052,36
191,Geography,61,F,1,42,31.67750213857998,22
194,Geography,86,C,6,44,36.84174508126604,24
197,Geography,88,C,6,51,36.84174508126604,11
198,Geography,73,E,2,42,33.33618477331052,32
201,Geography,78,D,4,44,35.019793459552496,24
203,Geography,91,B,8,56,38.91189050470488,36
209,Geography,73,E,2,43,33.33618477331052,13
216,Geography,61,F,1,43,31.67750213857998,23
218,Geography,79,D,4,42,35.019793459552496,32
225,Geography,70,E,2,43,33.33618477331052,13
227,Geography,82,C,6,44,36.84174508126604,34
228,Geography,76,D,4,42,35.019793459552496,32
236,Geography,89,B,8,44,38.91189050470488,24
238,Geography,88,B,8,46,38.91189050470488,36
243,Geography,86,C,6,42,36.84174508126604,32
252,Geography,66,F,1,43,31.67750213857998,13
260,Geography,70,E,2,46,33.33618477331052,16
266,Geography,91,B,8,46,38.91189050470488,36
272,Geography,90,B,8,51,38.91189050470488,21
282,Geography,86,C,6,48,36.84174508126604,38
285,Geography,91,B,8,43,38.91189050470488,33
289,Geography,80,C,6,52,36.84174508126604,32
295,Geography,89,B,8,44,38.91189050470488,24
298,Geography,89,B,8,50,38.91189050470488,30
300,Geography,91,B,8,52,38.91189050470488,22
303,Geography,90,B,8,44,38.91189050470488,34
307,Geography,74,D,4,50,35.019793459552496,40
318,Geography,77,D,4,42,35.019793459552496,42
321,Geography,74,D,4,52,35.019793459552496,32
323,Geography,87,C,6,44,36.84174508126604,24
328,Geography,77,D,4,42,35.019793459552496,32
333,Geography,83,C,6,42,36.84174508126604,22
339,Geography,75,D,4,46,35.019793459552496,26
344,Geography,68,E,2,42,33.33618477331052,22
350,Geography,72,E,2,48,33.33618477331052,8
353,Geography,77,D,4,42,35.019793459552496,32
358,Geography,64,F,1,48,31.67750213857998,18
371,Geography,87,C,6,47,36.84174508126604,27
380,Geography,87,C,6,43,36.84174508126604,23
382,Geography,83,C,6,56,36.84174508126604,26
392,Geography,92,B,8,43,38.91189050470488,33
397,Geography,92,B,8,48,38.91189050470488,18
411,Geography,86,C,6,42,36.84174508126604,32
412,Geography,76,D,4,42,35.019793459552496,32
435,Geography,91,B,8,45,38.91189050470488,35
439,Geography,80,C,6,44,36.84174508126604,34
460,Geography,75,D,4,46,35.019793459552496,26
466,Geography,87,C,6,48,36.84174508126604,48
471,Geography,60,F,1,42,31.67750213857998,22
475,Geography,75,D,4,46,35.019793459552496,26
483,Geography,75,D,4,42,35.019793459552496,32
498,Geography,80,C,6,42,36.84174508126604,32
502,Geography,93,B,8,44,38.91189050470488,34
506,Geography,64,F,1,43,31.67750213857998,13
511,Geography,88,B,8,43,38.91189050470488,33
516,Geography,81,C,6,44,36.84174508126604,34
523,Geography,84,C,6,42,36.84174508126604,22
531,Geography,71,E,2,42,33.33618477331052,32
538,Geography,69,E,2,42,33.33618477331052,32
544,Geography,91,B,8,53,38.91189050470488,23
546,Geography,83,C,6,46,36.84174508126604,26
550,Geography,85,C,6,48,36.84174508126604,18
551,Geography,74,D,4,52,35.019793459552496,32
558,Geography,89,B,8,48,38.91189050470488,28
565,Geography,88,B,8,44,38.91189050470488,44
572,Geography,80,C,6,44,36.84174508126604,44
578,Geography,93,B,8,50,38.91189050470488,40
581,Geography,90,B,8,48,38.91189050470488,28
582,Geography,92,B,8,46,38.91189050470488,36
597,Geography,91,B,8,42,38.91189050470488,32
599,Geography,82,C,6,48,36.84174508126604,38
600,Geography,92,B,8,51,38.91189050470488,31
601,Geography,77,D,4,46,35.019793459552496,16
605,Geography,65,F,1,44,31.67750213857998,24
625,Geography,84,C,6,43,36.84174508126604,23
626,Geography,80,C,6,52,36.84174508126604,22
627,Geography,80,C,6,46,36.84174508126604,46
634,Geography,71,E,2,48,33.33618477331052,28
635,Geography,65,F,1,43,31.67750213857998,13
641,Geography,90,B,8,45,38.91189050470488,25
643,Geography,83,C,6,44,36.84174508126604,24
645,Geography,76,D,4,44,35.019793459552496,24
650,Geography,88,B,8,46,38.91189050470488,36
657,Geography,84,C,6,44,36.84174508126604,24
658,Geography,91,B,8,43,38.91189050470488,13
659,Geography,74,D,4,43,35.019793459552496,23
660,Geography,84,C,6,46,36.84174508126604,36
669,Geography,85,C,6,52,36.84174508126604,22
672,Geography,88,B,8,46,38.91189050470488,36
677,Geography,85,C,6,44,36.84174508126604,34
680,Geography,69,E,2,52,33.33618477331052,22
684,Geography,73,D,4,52,35.019793459552496,22
687,Geography,82,C,6,56,36.84174508126604,26
694,Geography,88,B,8,43,38.91189050470488,43
720,Geography,89,B,8,44,38.91189050470488,34
721,Geography,88,B,8,48,38.91189050470488,28
724,Geography,93,B,8,45,38.91189050470488,35
725,Geography,92,B,8,42,38.91189050470488,32
728,Geography,79,D,4,43,35.019793459552496,23
740,Geography,66,E,2,46,33.33618477331052,36
742,Geography,85,C,6,44,36.84174508126604,24
754,Geography,92,B,8,46,38.91189050470488,36
760,Geography,84,C,6,43,36.84174508126604,23
766,Geography,63,F,1,47,31.67750213857998,17
777,Geography,77,D,4,42,35.019793459552496,32
784,Geography,85,C,6,42,36.84174508126604,22
791,Geography,90,B,8,43,38.91189050470488,33
799,Geography,76,D,4,46,35.019793459552496,16
803,Geography,89,B,8,52,38.91189050470488,22
808,Geography,77,D,4,60,35.019793459552496,20
816,Geography,80,C,6,46,36.84174508126604,26
828,Geography,81,C,6,42,36.84174508126604,32
831,Geography,90,B,8,43,38.91189050470488,33
833,Geography,88,B,8,52,38.91189050470488,22
837,Geography,88,B,8,54,38.91189050470488,44
841,Geography,67,E,2,45,33.33618477331052,25
846,Geography,75,D,4,54,35.019793459552496,34
855,Geography,91,B,8,52,38.91189050470488,32
857,Geography,86,C,6,47,36.84174508126604,27
863,Geography,87,C,6,50,36.84174508126604,40
864,Geography,83,C,6,44,36.84174508126604,24
865,Geography,88,B,8,47,38.91189050470488,27
867,Geography,81,C,6,52,36.84174508126604,32
868,Geography,68,E,2,44,33.33618477331052,14
870,Geography,92,B,8,42,38.91189050470488,22
871,Geography,79,D,4,50,35.019793459552496,10
874,Geography,91,B,8,58,38.91189050470488,18
887,Geography,80,C,6,58,36.84174508126604,28
890,Geography,88,B,8,42,38.91189050470488,42
891,Geography,81,C,6,52,36.84174508126604,22
895,Geography,85,C,6,42,36.84174508126604,22
897,Geography,91,B,8,45,38.91189050470488,25
901,Geography,90,B,8,44,38.91189050470488,24
904,Geography,83,C,6,46,36.84174508126604,16
911,Geography,89,B,8,48,38.91189050470488,18
912,Geography,67,E,2,46,33.33618477331052,26
914,Geography,90,B,8,52,38.91189050470488,22
920,Geography,86,C,6,42,36.84174508126604,32
922,Geography,67,E,2,42,33.33618477331052,32
924,Geography,92,B,8,42,38.91189050470488,32
928,Geography,91,B,8,55,38.91189050470488,25
931,Geography,79,D,4,42,35.019793459552496,32
932,Geography,89,B,8,49,38.91189050470488,29
936,Geography,88,B,8,44,38.91189050470488,34
940,Geography,76,D,4,46,35.019793459552496,26
945,Geography,65,F,1,49,31.67750213857998,19
951,Geography,68,E,2,45,33.33618477331052,35
952,Geography,78,D,4,43,35.019793459552496,23
955,Geography,78,D,4,42,35.019793459552496,32
962,Geography,84,C,6,52,36.84174508126604,32
975,Geography,92,B,8,45,38.91189050470488,25
981,Geography,80,C,6,46,36.84174508126604,16
982,Geography,71,E,2,54,33.33618477331052,24
985,Geography,75,D,4,51,35.019793459552496,11
993,Geography,87,C,6,42,36.84174508126604,22
994,Geography,73,D,4,42,35.019793459552496,32
996,Geography,64,F,1,49,31.67750213857998,29
997,Geography,93,B,8,56,38.91189050470488,26
