"ID","Joining Date","Ethnicity","Date of Birth","Account Type"
863243,2023-01-01,"Other",2007-12-30,"Platinum"
893948,2023-01-01,"White",2013-09-01,"Gold"
871764,2023-01-02,"White",1967-10-29,"Gold"
527712,2023-01-02,"White",1996-09-27,"Platinum"
471554,2023-01-02,"White",1990-04-22,"Basic"
761244,2023-01-02,"White",1942-12-26,"Platinum"
845293,2023-01-02,"Black",1946-05-28,"Platinum"
490910,2023-01-03,"White",1981-05-23,"Basic"
349505,2023-01-03,"White",1961-09-13,"Basic"
754791,2023-01-03,"Other",1952-07-17,"Basic"
604893,2023-01-04,"White",1959-11-10,"Platinum"
246208,2023-01-04,"White",1996-09-11,"Platinum"
223982,2023-01-04,"White",1956-08-12,"Gold"
311919,2023-01-04,"Other",1961-06-26,"Gold"
920752,2023-01-04,"White",1990-09-01,"Gold"
899966,2023-01-05,"White",2015-02-13,"Gold"
806747,2023-01-05,"Other",2007-05-31,"Basic"
929308,2023-01-05,"Other",2004-10-19,"Basic"
314042,2023-01-05,"Asian",1986-12-26,"Platinum"
829199,2023-01-05,"Other",1978-01-25,"Basic"
809513,2023-01-06,"Black",1951-01-01,"Basic"
840464,2023-01-06,"Asian",1968-07-18,"Gold"
543545,2023-01-08,"Asian",1986-08-30,"Basic"
191607,2023-01-09,"White",1963-03-15,"Gold"
602662,2023-01-09,"Other",1958-03-07,"Basic"
491519,2023-01-10,"Asian",1955-04-04,"Gold"
716354,2023-01-10,"Black",1997-12-18,"Gold"
174968,2023-01-10,"Other",1980-09-30,"Platinum"
427577,2023-01-10,"Asian",1971-01-06,"Basic"
994611,2023-01-10,"Black",1994-06-19,"Basic"
547679,2023-01-11,"White",1949-02-07,"Basic"
888481,2023-01-11,"Other",2017-10-14,"Basic"
806735,2023-01-11,"Asian",1945-04-15,"Platinum"
177159,2023-01-11,"White",1953-11-10,"Basic"
755120,2023-01-12,"Other",1984-07-06,"Platinum"
673358,2023-01-12,"Other",2014-01-14,"Platinum"
155713,2023-01-12,"White",2009-07-03,"Platinum"
683051,2023-01-13,"Black",1957-07-08,"Basic"
580145,2023-01-13,"Asian",2015-11-14,"Basic"
731003,2023-01-13,"White",1941-09-16,"Platinum"
674869,2023-01-13,"Asian",1991-06-06,"Platinum"
201696,2023-01-14,"Asian",1996-02-05,"Gold"
276875,2023-01-14,"Black",1989-08-27,"Gold"
483606,2023-01-14,"Other",1941-07-03,"Platinum"
306487,2023-01-14,"Black",1970-06-26,"Basic"
176024,2023-01-14,"Other",1999-12-26,"Gold"
119237,2023-01-15,"Other",2012-09-18,"Platinum"
568991,2023-01-16,"White",1979-04-27,"Gold"
933040,2023-01-16,"Asian",1991-12-12,"Gold"
596604,2023-01-17,"Asian",2000-04-29,"Gold"
596558,2023-01-17,"Black",1951-03-22,"Gold"
888532,2023-01-17,"White",2013-01-11,"Gold"
369221,2023-01-18,"Black",2019-03-04,"Platinum"
611859,2023-01-18,"Other",1977-12-02,"Platinum"
742071,2023-01-19,"White",1968-09-22,"Platinum"
472457,2023-01-19,"Black",1991-01-30,"Gold"
139746,2023-01-19,"Black",1948-02-27,"Gold"
673141,2023-01-19,"White",1955-12-30,"Gold"
733667,2023-01-20,"Black",1944-11-15,"Platinum"
189787,2023-01-20,"Black",1986-05-12,"Basic"
813344,2023-01-20,"White",1966-11-04,"Gold"
548577,2023-01-23,"White",1962-05-09,"Basic"
591154,2023-01-23,"Black",2002-12-01,"Basic"
850402,2023-01-23,"Other",1991-09-17,"Gold"
102704,2023-01-23,"Black",2000-03-09,"Basic"
785116,2023-01-24,"White",1957-11-25,"Gold"
943375,2023-01-24,"Other",1958-07-26,"Platinum"
467914,2023-01-25,"Asian",1990-02-25,"Gold"
960368,2023-01-26,"Asian",1997-09-05,"Platinum"
714800,2023-01-26,"Asian",1974-06-25,"Basic"
626975,2023-01-27,"Black",1948-10-04,"Basic"
691378,2023-01-27,"Other",1979-12-07,"Basic"
554004,2023-01-27,"Asian",1997-07-20,"Gold"
806804,2023-01-28,"Other",1948-10-05,"Basic"
772826,2023-01-28,"White",1978-08-29,"Basic"
612794,2023-01-29,"Asian",1981-11-12,"Basic"
784685,2023-01-29,"White",1968-06-17,"Platinum"
957631,2023-01-29,"Black",1956-06-19,"Basic"
806648,2023-01-29,"Other",1986-08-20,"Platinum"
711747,2023-01-30,"White",1940-09-28,"Gold"
721471,2023-01-31,"Other",1985-08-17,"Platinum"
777515,2023-01-31,"White",1989-04-03,"Basic"
801438,2023-01-31,"Asian",1950-06-20,"Basic"
627428,2023-02-01,"White",2018-11-05,"Platinum"
598787,2023-02-01,"Other",1962-09-11,"Basic"
150648,2023-02-02,"Black",1950-06-04,"Basic"
866947,2023-02-02,"Other",1949-04-11,"Gold"
371550,2023-02-02,"Black",2004-08-20,"Basic"
742364,2023-02-02,"Black",1978-09-09,"Gold"
844387,2023-02-02,"Asian",1950-01-17,"Basic"
431391,2023-02-02,"Other",1980-04-25,"Basic"
867729,2023-02-03,"Black",1957-04-24,"Basic"
639573,2023-02-03,"Other",1943-10-07,"Gold"
134738,2023-02-04,"Asian",1992-04-21,"Basic"
150853,2023-02-05,"Other",1991-07-09,"Basic"
366334,2023-02-05,"Other",1996-10-15,"Platinum"
748205,2023-02-05,"Asian",2002-06-19,"Gold"
253467,2023-02-05,"Asian",1984-07-29,"Basic"
664634,2023-02-06,"Black",1952-03-05,"Basic"
239484,2023-02-06,"Other",1999-05-01,"Gold"
988008,2023-02-06,"Asian",1971-07-09,"Gold"
287391,2023-02-06,"Other",1954-11-25,"Platinum"
126580,2023-02-07,"Black",1945-07-17,"Platinum"
862571,2023-02-07,"Black",1962-03-10,"Gold"
606864,2023-02-08,"Other",1945-10-05,"Platinum"
890043,2023-02-08,"White",2010-05-24,"Basic"
429112,2023-02-08,"Black",1993-11-20,"Basic"
633342,2023-02-08,"Asian",1972-03-25,"Basic"
315439,2023-02-09,"White",1999-05-23,"Basic"
141574,2023-02-09,"Other",2012-12-18,"Platinum"
305931,2023-02-09,"Other",2011-10-01,"Platinum"
940601,2023-02-09,"Other",2011-08-04,"Platinum"
828504,2023-02-10,"Other",2013-09-21,"Basic"
747974,2023-02-10,"Asian",1966-08-14,"Gold"
375824,2023-02-10,"Other",1978-07-05,"Platinum"
435231,2023-02-11,"Black",2012-01-02,"Gold"
829902,2023-02-11,"Other",1968-04-14,"Platinum"
436544,2023-02-11,"Black",2013-04-10,"Basic"
793000,2023-02-12,"Asian",1951-04-29,"Basic"
884641,2023-02-12,"Other",1970-02-20,"Basic"
695485,2023-02-12,"White",1954-11-26,"Gold"
938610,2023-02-14,"Other",2006-11-18,"Platinum"
667559,2023-02-14,"Other",1985-05-16,"Basic"
290840,2023-02-14,"Asian",2001-08-03,"Gold"
737345,2023-02-14,"Other",1971-01-27,"Gold"
993967,2023-02-15,"Asian",1951-02-23,"Platinum"
913984,2023-02-15,"White",2008-09-06,"Platinum"
645286,2023-02-15,"Other",2006-05-07,"Basic"
307769,2023-02-16,"White",1981-07-26,"Gold"
440691,2023-02-16,"White",2013-07-02,"Basic"
583851,2023-02-16,"Other",2006-02-26,"Gold"
995456,2023-02-17,"Other",1975-03-05,"Basic"
533119,2023-02-17,"White",1960-01-25,"Platinum"
905817,2023-02-17,"Other",1969-04-24,"Gold"
712911,2023-02-18,"Other",1943-06-05,"Gold"
624601,2023-02-18,"Other",1991-04-20,"Gold"
303669,2023-02-18,"Black",2016-01-03,"Basic"
535172,2023-02-18,"Asian",1964-12-23,"Basic"
473692,2023-02-20,"White",2012-03-23,"Basic"
448076,2023-02-20,"White",1995-10-07,"Platinum"
582245,2023-02-20,"Other",2012-02-17,"Platinum"
698182,2023-02-20,"Asian",1960-12-28,"Gold"
236432,2023-02-20,"White",1957-10-13,"Basic"
978249,2023-02-20,"Asian",1944-07-09,"Platinum"
523380,2023-02-21,"Asian",1994-12-23,"Platinum"
247253,2023-02-21,"Asian",1987-09-26,"Gold"
528281,2023-02-22,"Black",2009-12-22,"Basic"
771442,2023-02-22,"White",1974-05-07,"Basic"
418614,2023-02-22,"White",2013-11-17,"Gold"
149442,2023-02-23,"Other",1952-06-10,"Gold"
263796,2023-02-24,"White",1952-02-10,"Gold"
200988,2023-02-24,"Asian",1969-10-08,"Platinum"
203783,2023-02-24,"Black",1975-07-10,"Platinum"
863998,2023-02-24,"Asian",2006-11-23,"Platinum"
978930,2023-02-25,"Asian",2016-03-27,"Basic"
662810,2023-02-25,"Asian",1994-12-11,"Gold"
804513,2023-02-25,"Asian",1974-05-12,"Gold"
188081,2023-02-26,"Other",1969-05-29,"Basic"
426503,2023-02-26,"Other",2009-09-03,"Platinum"
478020,2023-02-27,"Black",1987-05-16,"Gold"
900910,2023-02-27,"White",1967-09-21,"Gold"
313159,2023-02-27,"White",2008-09-23,"Platinum"
336949,2023-02-27,"White",1976-12-20,"Platinum"
322646,2023-02-27,"Asian",1956-02-24,"Basic"
430823,2023-02-27,"White",1986-11-22,"Gold"
128220,2023-02-27,"Other",1947-03-22,"Basic"
898177,2023-02-28,"Asian",1975-10-13,"Platinum"
399130,2023-02-28,"Asian",1958-07-04,"Basic"
248371,2023-03-01,"Asian",1979-12-30,"Gold"
429752,2023-03-02,"Asian",1945-11-15,"Platinum"
982951,2023-03-03,"Black",1982-03-06,"Platinum"
676797,2023-03-03,"Asian",1986-11-03,"Gold"
618265,2023-03-03,"Black",1945-05-31,"Basic"
413196,2023-03-04,"White",1974-10-01,"Platinum"
393185,2023-03-05,"Black",1967-08-11,"Gold"
714124,2023-03-07,"Other",1986-12-24,"Platinum"
571428,2023-03-08,"Black",1965-06-23,"Platinum"
700950,2023-03-10,"Black",1940-06-18,"Basic"
664810,2023-03-10,"Black",1947-07-02,"Gold"
535509,2023-03-10,"Other",2019-09-11,"Platinum"
344685,2023-03-10,"Asian",1990-01-06,"Gold"
698434,2023-03-11,"Black",1946-12-23,"Basic"
415677,2023-03-11,"Black",2008-03-31,"Basic"
582577,2023-03-11,"Black",1999-01-24,"Gold"
675810,2023-03-12,"Other",1968-12-12,"Gold"
258885,2023-03-12,"Black",1943-03-16,"Basic"
832052,2023-03-12,"Black",1981-08-21,"Basic"
968654,2023-03-12,"White",1981-01-26,"Gold"
980787,2023-03-13,"Black",1975-02-18,"Platinum"
512194,2023-03-13,"White",1985-04-09,"Gold"
221229,2023-03-13,"White",1965-02-26,"Platinum"
835234,2023-03-13,"Other",1948-06-04,"Basic"
528606,2023-03-13,"Other",2014-12-03,"Basic"
115702,2023-03-14,"Black",1977-02-17,"Platinum"
989180,2023-03-14,"White",1953-09-18,"Gold"
830235,2023-03-14,"Black",1947-08-15,"Gold"
859391,2023-03-15,"Black",1999-04-11,"Platinum"
588390,2023-03-16,"Black",1950-03-22,"Basic"
606785,2023-03-16,"White",1968-08-11,"Basic"
731691,2023-03-16,"Black",1951-07-29,"Platinum"
312371,2023-03-17,"Asian",2019-06-28,"Gold"
845839,2023-03-17,"Black",1979-05-29,"Platinum"
569706,2023-03-18,"Asian",2014-05-16,"Gold"
499282,2023-03-18,"Other",2019-06-14,"Platinum"
805034,2023-03-19,"Asian",1968-01-10,"Platinum"
973103,2023-03-19,"Asian",1942-03-29,"Platinum"
725355,2023-03-19,"Asian",1975-09-22,"Gold"
296100,2023-03-19,"Other",1991-10-22,"Gold"
963921,2023-03-20,"Black",2011-09-08,"Gold"
527900,2023-03-20,"Black",1952-10-11,"Gold"
638704,2023-03-21,"Other",1946-04-06,"Gold"
487923,2023-03-22,"White",1990-06-28,"Platinum"
184141,2023-03-22,"Black",1949-03-18,"Basic"
621479,2023-03-22,"White",1968-01-12,"Basic"
287144,2023-03-23,"White",1976-09-25,"Platinum"
762476,2023-03-23,"Other",1956-06-03,"Basic"
506007,2023-03-23,"Asian",1979-12-01,"Basic"
664103,2023-03-23,"Black",2014-06-29,"Gold"
500741,2023-03-23,"Other",1955-12-26,"Basic"
755287,2023-03-24,"Black",1997-08-27,"Platinum"
548861,2023-03-24,"Other",1962-05-03,"Platinum"
255988,2023-03-24,"Asian",2017-06-07,"Basic"
924472,2023-03-24,"White",1972-06-14,"Basic"
445531,2023-03-25,"Black",1963-11-01,"Gold"
125458,2023-03-25,"Other",1960-06-23,"Basic"
932133,2023-03-25,"Black",1944-09-22,"Basic"
894920,2023-03-25,"White",1979-12-03,"Platinum"
250381,2023-03-26,"Other",1945-05-18,"Platinum"
838073,2023-03-26,"Asian",2011-09-14,"Basic"
167376,2023-03-26,"Black",2004-06-25,"Basic"
513032,2023-03-26,"White",1973-01-12,"Basic"
458285,2023-03-27,"Other",2018-12-20,"Basic"
135265,2023-03-28,"White",1940-02-09,"Platinum"
650842,2023-03-28,"Other",1953-06-06,"Gold"
895152,2023-03-28,"Asian",1941-08-04,"Basic"
791978,2023-03-28,"White",1985-10-18,"Basic"
446540,2023-03-28,"Other",1950-07-22,"Basic"
373223,2023-03-29,"Asian",1985-11-12,"Basic"
842913,2023-03-29,"Other",1945-04-22,"Gold"
994016,2023-03-29,"Other",1955-03-29,"Platinum"
178058,2023-03-29,"Black",1988-01-01,"Gold"
132163,2023-03-29,"White",2019-08-19,"Basic"
264065,2023-03-30,"Other",1975-12-08,"Platinum"
316875,2023-03-31,"Other",1992-03-07,"Basic"
667164,2023-03-31,"Other",1977-03-29,"Gold"
166090,2023-04-01,"Black",2016-02-04,"Platinum"
549509,2023-04-02,"White",1970-04-13,"Gold"
856901,2023-04-02,"Other",1941-10-21,"Basic"
285940,2023-04-02,"Black",2017-06-03,"Platinum"
656164,2023-04-02,"Asian",1956-07-22,"Basic"
818135,2023-04-03,"Asian",1954-04-11,"Gold"
637023,2023-04-03,"Black",1953-11-23,"Platinum"
589251,2023-04-03,"White",1943-06-01,"Platinum"
731240,2023-04-04,"Other",1951-05-08,"Gold"
530288,2023-04-04,"Black",1966-08-24,"Platinum"
451214,2023-04-04,"White",1992-04-13,"Platinum"
478687,2023-04-05,"White",1999-05-13,"Platinum"
911471,2023-04-05,"White",2007-01-11,"Basic"
638662,2023-04-05,"Black",2008-03-04,"Basic"
284005,2023-04-05,"Asian",1992-07-02,"Basic"
192505,2023-04-06,"White",1966-10-15,"Platinum"
340059,2023-04-06,"White",2004-01-24,"Basic"
394262,2023-04-06,"Other",1961-08-29,"Basic"
687501,2023-04-06,"Black",1976-08-21,"Platinum"
594866,2023-04-07,"White",2004-08-19,"Gold"
954550,2023-04-08,"Black",1953-01-23,"Gold"
255005,2023-04-08,"White",1941-01-04,"Basic"
134047,2023-04-08,"Black",1959-04-06,"Basic"
771144,2023-04-08,"Asian",1962-10-21,"Basic"
287844,2023-04-08,"Other",1952-02-15,"Basic"
867196,2023-04-08,"Other",1953-06-18,"Basic"
484119,2023-04-08,"Other",1974-09-30,"Gold"
282672,2023-04-09,"Black",1991-07-20,"Platinum"
339687,2023-04-09,"White",1946-11-29,"Basic"
184178,2023-04-09,"Asian",1958-10-29,"Basic"
595739,2023-04-09,"White",1997-06-18,"Platinum"
347274,2023-04-09,"Black",1993-06-17,"Basic"
656794,2023-04-10,"Other",1951-10-21,"Basic"
614858,2023-04-10,"Other",1977-03-24,"Basic"
130206,2023-04-10,"Asian",1972-03-19,"Gold"
727292,2023-04-11,"Black",1984-01-13,"Gold"
982585,2023-04-11,"Black",2016-02-07,"Gold"
499108,2023-04-11,"White",1949-11-21,"Platinum"
708191,2023-04-12,"White",1974-06-30,"Basic"
181477,2023-04-12,"Black",1984-08-22,"Gold"
553320,2023-04-13,"Asian",1952-03-19,"Gold"
405909,2023-04-13,"Asian",1979-08-27,"Platinum"
421873,2023-04-13,"Other",1969-05-08,"Gold"
922365,2023-04-13,"Asian",2011-08-11,"Basic"
609432,2023-04-13,"Other",2009-05-28,"Platinum"
779629,2023-04-13,"White",1993-06-30,"Platinum"
101515,2023-04-14,"Black",1974-08-11,"Gold"
976803,2023-04-14,"Black",1940-07-11,"Platinum"
226852,2023-04-14,"Black",2017-02-24,"Platinum"
189566,2023-04-14,"Other",1962-09-08,"Basic"
701255,2023-04-15,"White",1973-03-22,"Gold"
706102,2023-04-15,"White",1958-06-19,"Platinum"
805246,2023-04-16,"Asian",1971-07-20,"Gold"
871141,2023-04-16,"Other",1944-02-24,"Basic"
991305,2023-04-16,"Other",1986-10-30,"Platinum"
675627,2023-04-18,"Other",1968-08-17,"Gold"
797127,2023-04-19,"Black",1987-06-26,"Platinum"
458824,2023-04-19,"Asian",1967-08-03,"Basic"
402150,2023-04-19,"Other",1970-10-14,"Platinum"
385445,2023-04-19,"Black",1957-01-29,"Basic"
669663,2023-04-20,"White",1994-06-02,"Gold"
372488,2023-04-20,"Other",1974-07-13,"Basic"
285157,2023-04-21,"Asian",2010-01-16,"Gold"
984067,2023-04-22,"Black",1958-04-09,"Basic"
604416,2023-04-24,"Other",2004-06-29,"Gold"
302917,2023-04-24,"Other",1955-05-03,"Gold"
385704,2023-04-24,"White",1987-01-01,"Basic"
467374,2023-04-24,"Black",2006-01-03,"Gold"
514864,2023-04-24,"Other",1965-02-19,"Platinum"
104185,2023-04-25,"White",1989-06-08,"Basic"
748215,2023-04-25,"Black",2013-05-01,"Gold"
663516,2023-04-25,"Other",1996-11-07,"Gold"
908478,2023-04-25,"Asian",1941-10-05,"Gold"
881176,2023-04-25,"Other",1979-01-18,"Basic"
873760,2023-04-26,"White",1980-12-31,"Gold"
528483,2023-04-26,"Black",2010-05-03,"Platinum"
327751,2023-04-27,"Asian",1984-04-26,"Platinum"
824009,2023-04-27,"Black",1989-03-27,"Platinum"
919470,2023-04-27,"Other",1949-10-09,"Basic"
431328,2023-04-27,"Black",1970-05-30,"Platinum"
934663,2023-04-27,"Black",1969-01-29,"Basic"
460507,2023-04-28,"White",1945-10-28,"Platinum"
915339,2023-04-28,"White",1997-05-07,"Gold"
382490,2023-04-28,"Other",1997-11-06,"Gold"
984843,2023-04-28,"Asian",1958-09-23,"Platinum"
552566,2023-04-28,"White",1950-02-04,"Gold"
381217,2023-04-28,"White",1962-08-05,"Basic"
506688,2023-04-29,"Asian",2015-09-29,"Gold"
628443,2023-04-29,"Other",1970-06-22,"Platinum"
367467,2023-04-30,"Asian",2019-01-24,"Platinum"
654694,2023-04-30,"Other",1985-08-13,"Platinum"
433632,2023-05-01,"White",1992-09-27,"Platinum"
549243,2023-05-01,"Black",1947-06-07,"Gold"
522270,2023-05-01,"Black",1940-11-21,"Basic"
248692,2023-05-01,"Black",1949-03-10,"Basic"
738405,2023-05-02,"Asian",1952-10-12,"Basic"
209144,2023-05-02,"Black",1948-11-22,"Basic"
520059,2023-05-02,"Asian",1942-01-26,"Gold"
366023,2023-05-02,"Asian",1986-01-01,"Basic"
490418,2023-05-02,"White",1950-09-29,"Basic"
775261,2023-05-03,"White",1952-02-23,"Gold"
397269,2023-05-03,"Other",2001-06-08,"Platinum"
488942,2023-05-03,"Other",1958-12-02,"Basic"
131879,2023-05-04,"Other",1952-09-02,"Platinum"
828717,2023-05-04,"White",1978-10-08,"Basic"
742714,2023-05-05,"Black",1968-04-04,"Gold"
662171,2023-05-05,"Black",1943-10-22,"Platinum"
189930,2023-05-05,"White",1983-01-09,"Gold"
985783,2023-05-06,"Asian",1951-03-28,"Basic"
878515,2023-05-07,"Other",1989-07-21,"Gold"
319191,2023-05-07,"Other",2010-12-16,"Platinum"
261620,2023-05-07,"Black",1990-07-30,"Gold"
497082,2023-05-08,"Other",1969-01-03,"Platinum"
112311,2023-05-09,"Other",1990-08-11,"Gold"
610159,2023-05-09,"Black",2005-12-05,"Gold"
514214,2023-05-09,"Other",1941-07-09,"Platinum"
215044,2023-05-09,"White",2011-09-11,"Basic"
159526,2023-05-09,"Asian",1986-12-22,"Basic"
942174,2023-05-10,"White",1984-06-11,"Gold"
199260,2023-05-10,"Other",1992-01-31,"Basic"
177977,2023-05-10,"Asian",1957-04-02,"Basic"
459470,2023-05-10,"Black",1987-09-13,"Platinum"
300208,2023-05-11,"White",2008-04-03,"Gold"
778767,2023-05-12,"White",1991-06-05,"Basic"
500890,2023-05-12,"White",1958-10-15,"Basic"
800314,2023-05-12,"Other",1963-07-20,"Basic"
219792,2023-05-12,"Black",2003-04-21,"Gold"
280225,2023-05-14,"Asian",1996-08-25,"Platinum"
930802,2023-05-14,"Asian",2018-02-18,"Gold"
239922,2023-05-15,"Asian",1989-10-31,"Basic"
210741,2023-05-15,"White",1985-01-08,"Gold"
979652,2023-05-15,"Black",1956-05-23,"Platinum"
801200,2023-05-15,"Black",1979-01-25,"Platinum"
127541,2023-05-15,"Asian",2016-07-13,"Gold"
442783,2023-05-15,"Asian",2007-12-18,"Gold"
352584,2023-05-16,"Black",2000-06-13,"Basic"
139501,2023-05-17,"Asian",1994-01-01,"Basic"
143337,2023-05-17,"Other",1980-06-21,"Gold"
367979,2023-05-18,"Black",1983-09-15,"Basic"
773841,2023-05-19,"Other",1990-03-18,"Platinum"
636423,2023-05-20,"Asian",1983-07-04,"Platinum"
875629,2023-05-20,"Other",1950-06-04,"Basic"
100185,2023-05-20,"Asian",1952-07-29,"Basic"
296948,2023-05-21,"Black",1986-12-10,"Platinum"
747682,2023-05-21,"Black",1985-12-04,"Platinum"
525493,2023-05-21,"Other",1976-03-28,"Platinum"
843274,2023-05-22,"Other",1941-08-11,"Basic"
512509,2023-05-22,"White",1991-04-16,"Gold"
366251,2023-05-22,"Other",1963-08-28,"Gold"
222860,2023-05-23,"Black",2012-02-11,"Basic"
426552,2023-05-24,"White",1995-09-13,"Gold"
569694,2023-05-24,"Black",2018-11-07,"Platinum"
597131,2023-05-24,"White",1954-05-17,"Gold"
546645,2023-05-24,"Asian",1971-09-06,"Gold"
730864,2023-05-24,"Other",2015-04-26,"Gold"
682562,2023-05-25,"Black",1984-04-16,"Basic"
659716,2023-05-27,"Black",2008-11-09,"Platinum"
509391,2023-05-27,"Other",1947-11-06,"Platinum"
444025,2023-05-28,"Black",1997-04-08,"Platinum"
631634,2023-05-29,"Asian",1940-01-01,"Basic"
293145,2023-05-29,"Black",1989-08-07,"Gold"
838883,2023-05-29,"White",1980-12-10,"Basic"
633141,2023-05-30,"White",1943-05-20,"Basic"
586258,2023-05-30,"Black",2018-12-12,"Platinum"
723823,2023-05-31,"White",2005-05-17,"Basic"
637483,2023-05-31,"White",2009-08-21,"Basic"
884949,2023-05-31,"Asian",1943-12-03,"Gold"
560790,2023-06-01,"Other",2006-05-25,"Basic"
637797,2023-06-01,"Asian",1956-09-11,"Platinum"
467421,2023-06-02,"Asian",1975-04-12,"Basic"
298919,2023-06-03,"Asian",2008-07-17,"Platinum"
349244,2023-06-03,"Asian",2007-01-18,"Basic"
713519,2023-06-04,"White",1964-02-25,"Gold"
458440,2023-06-04,"White",1989-07-21,"Gold"
918799,2023-06-04,"White",2010-10-22,"Gold"
128016,2023-06-04,"Black",1952-10-26,"Platinum"
683299,2023-06-05,"Asian",2000-09-12,"Basic"
459563,2023-06-06,"Black",1963-03-15,"Gold"
571041,2023-06-07,"Other",1947-04-16,"Basic"
830903,2023-06-07,"Other",1994-03-03,"Gold"
202785,2023-06-08,"Black",1948-09-11,"Platinum"
496679,2023-06-08,"Black",1951-10-19,"Basic"
979311,2023-06-08,"White",2010-12-08,"Platinum"
610633,2023-06-08,"Black",1993-07-13,"Gold"
202010,2023-06-09,"Black",1988-11-23,"Gold"
814220,2023-06-09,"Other",1942-04-21,"Basic"
907496,2023-06-09,"Asian",2002-12-22,"Platinum"
731015,2023-06-10,"Other",1955-12-02,"Basic"
451936,2023-06-10,"Asian",1958-10-22,"Basic"
369873,2023-06-10,"Black",1972-09-08,"Gold"
850891,2023-06-11,"Black",1941-04-14,"Basic"
649840,2023-06-11,"Asian",1947-02-28,"Basic"
430898,2023-06-11,"Other",1947-05-04,"Basic"
182216,2023-06-11,"Other",1979-02-13,"Platinum"
397552,2023-06-11,"Other",1941-10-31,"Gold"
492316,2023-06-13,"Other",1964-05-28,"Platinum"
510071,2023-06-13,"Other",1992-10-10,"Platinum"
768053,2023-06-14,"White",1998-01-17,"Gold"
569939,2023-06-15,"Black",2015-12-11,"Gold"
865336,2023-06-15,"Other",1969-11-27,"Gold"
687384,2023-06-15,"Asian",1963-04-02,"Basic"
890532,2023-06-16,"White",1988-04-15,"Gold"
994289,2023-06-16,"White",1990-05-09,"Gold"
847929,2023-06-16,"Asian",1951-10-14,"Basic"
900289,2023-06-16,"Other",1987-01-29,"Basic"
654273,2023-06-16,"Black",1942-10-10,"Gold"
589567,2023-06-17,"Black",1961-05-10,"Platinum"
466954,2023-06-17,"Black",1955-03-05,"Basic"
621556,2023-06-18,"White",2010-12-12,"Basic"
120476,2023-06-18,"Other",1976-05-27,"Platinum"
149481,2023-06-18,"Asian",1959-06-26,"Basic"
202946,2023-06-18,"Black",1960-09-16,"Gold"
467340,2023-06-19,"White",1984-09-04,"Platinum"
466462,2023-06-19,"Black",1942-05-08,"Platinum"
302454,2023-06-19,"Asian",2018-07-25,"Platinum"
539530,2023-06-20,"Other",1983-03-02,"Basic"
564633,2023-06-20,"Black",2011-06-01,"Gold"
214055,2023-06-21,"Asian",1976-12-04,"Basic"
717206,2023-06-21,"Black",1963-06-19,"Platinum"
628497,2023-06-21,"Asian",2005-10-26,"Platinum"
881325,2023-06-21,"Other",1981-07-11,"Basic"
868733,2023-06-22,"Asian",1967-02-17,"Basic"
949894,2023-06-22,"Asian",1946-12-21,"Gold"
785906,2023-06-22,"Asian",1967-06-20,"Basic"
311336,2023-06-22,"Black",2018-11-12,"Platinum"
725200,2023-06-23,"Asian",1952-03-26,"Basic"
314997,2023-06-23,"Other",2001-07-31,"Gold"
436308,2023-06-24,"White",1959-10-03,"Basic"
325644,2023-06-24,"White",1995-03-20,"Basic"
560440,2023-06-24,"Asian",1979-05-30,"Basic"
343987,2023-06-25,"Other",2010-07-31,"Gold"
503844,2023-06-25,"Asian",1981-10-02,"Basic"
603071,2023-06-25,"Other",1969-05-07,"Basic"
304982,2023-06-25,"Other",1979-04-08,"Platinum"
338686,2023-06-25,"White",1979-12-17,"Gold"
970794,2023-06-26,"Asian",1969-11-01,"Platinum"
925655,2023-06-26,"Asian",2017-12-26,"Gold"
345349,2023-06-26,"Black",2013-02-22,"Basic"
729571,2023-06-26,"Black",2004-08-01,"Platinum"
809555,2023-06-26,"Other",1952-05-07,"Basic"
667852,2023-06-27,"Black",1947-03-28,"Basic"
234458,2023-06-27,"White",2010-05-29,"Basic"
339084,2023-06-27,"Asian",1963-10-06,"Platinum"
223660,2023-06-28,"White",1986-10-20,"Gold"
957074,2023-06-28,"Other",1964-09-18,"Gold"
336329,2023-06-28,"White",1947-01-23,"Platinum"
791553,2023-06-28,"White",1982-09-24,"Gold"
221128,2023-06-29,"Black",1978-08-16,"Basic"
460383,2023-06-29,"Black",1994-08-16,"Basic"
601428,2023-06-29,"White",1980-12-23,"Platinum"
131132,2023-06-29,"White",1949-08-06,"Platinum"
549280,2023-06-30,"Black",1971-12-03,"Platinum"
561709,2023-06-30,"Asian",1959-11-23,"Basic"
700604,2023-06-30,"White",1969-08-24,"Gold"
993112,2023-06-30,"Asian",1942-10-02,"Platinum"
489429,2023-07-01,"Black",2007-11-16,"Platinum"
858519,2023-07-01,"White",2000-01-27,"Gold"
116248,2023-07-02,"White",2004-02-04,"Basic"
111490,2023-07-02,"Black",1946-03-01,"Basic"
211683,2023-07-02,"Other",2005-09-04,"Basic"
814161,2023-07-03,"Black",1999-12-02,"Gold"
766091,2023-07-03,"White",2013-10-24,"Basic"
242782,2023-07-03,"Other",1942-11-04,"Platinum"
220423,2023-07-04,"Other",1940-05-23,"Platinum"
245830,2023-07-06,"Asian",1972-09-02,"Basic"
681753,2023-07-07,"Black",2019-09-01,"Basic"
890720,2023-07-07,"White",1967-09-20,"Gold"
656301,2023-07-07,"Asian",1994-01-31,"Gold"
849187,2023-07-08,"Other",1951-10-27,"Platinum"
970978,2023-07-08,"White",1945-01-28,"Platinum"
597729,2023-07-08,"Other",1958-02-07,"Basic"
158161,2023-07-09,"White",2014-10-15,"Basic"
514489,2023-07-10,"Black",2005-05-03,"Basic"
656037,2023-07-11,"White",1961-08-17,"Platinum"
563716,2023-07-11,"Asian",1989-02-03,"Platinum"
823045,2023-07-12,"Black",1990-01-23,"Basic"
256154,2023-07-12,"Asian",1957-03-30,"Gold"
192752,2023-07-12,"Asian",1981-08-29,"Basic"
194837,2023-07-12,"Other",1962-06-28,"Platinum"
704346,2023-07-13,"Other",1978-11-04,"Gold"
306535,2023-07-13,"Asian",1977-12-23,"Basic"
960910,2023-07-13,"Black",1997-12-16,"Basic"
465769,2023-07-14,"White",1979-02-10,"Platinum"
788351,2023-07-14,"White",1985-05-07,"Platinum"
751597,2023-07-14,"White",1966-12-25,"Basic"
428393,2023-07-14,"Black",2008-05-12,"Basic"
593940,2023-07-16,"Black",1981-03-18,"Gold"
424911,2023-07-16,"Asian",1947-03-21,"Platinum"
990258,2023-07-16,"Black",1998-12-03,"Gold"
466664,2023-07-16,"Asian",1981-05-14,"Basic"
212881,2023-07-16,"Black",2002-03-19,"Platinum"
494955,2023-07-17,"Other",1985-07-02,"Platinum"
124765,2023-07-17,"Black",1965-10-15,"Basic"
822881,2023-07-17,"Other",2012-03-26,"Gold"
619806,2023-07-17,"Asian",1974-02-11,"Platinum"
516450,2023-07-17,"Black",1986-01-12,"Gold"
993957,2023-07-17,"Asian",1944-03-07,"Platinum"
760048,2023-07-17,"Black",2011-04-17,"Basic"
914893,2023-07-18,"White",1969-01-03,"Basic"
783242,2023-07-18,"Other",1952-02-12,"Basic"
481921,2023-07-19,"Asian",1970-05-05,"Gold"
228463,2023-07-19,"Other",2011-11-20,"Gold"
854139,2023-07-19,"Other",1978-07-12,"Platinum"
112430,2023-07-19,"White",1948-12-08,"Basic"
114484,2023-07-20,"Black",1987-01-19,"Basic"
798734,2023-07-20,"Black",1957-11-05,"Gold"
751067,2023-07-20,"Black",2000-09-06,"Platinum"
142608,2023-07-21,"Black",1994-08-16,"Gold"
415942,2023-07-22,"Asian",1947-09-16,"Basic"
316468,2023-07-23,"Asian",1963-09-22,"Gold"
754172,2023-07-24,"White",2011-07-21,"Basic"
217393,2023-07-24,"Asian",1947-10-29,"Platinum"
210727,2023-07-25,"White",1968-04-06,"Platinum"
703312,2023-07-25,"Other",2012-12-18,"Gold"
792923,2023-07-25,"White",1958-10-16,"Basic"
543731,2023-07-25,"Asian",1989-05-18,"Gold"
489883,2023-07-26,"Asian",1972-11-21,"Basic"
591539,2023-07-26,"White",1986-11-07,"Basic"
419675,2023-07-27,"Black",1965-06-19,"Gold"
739156,2023-07-27,"White",1976-10-20,"Platinum"
306044,2023-07-28,"Asian",1993-05-13,"Platinum"
115578,2023-07-29,"Black",1961-09-02,"Gold"
572462,2023-07-29,"Black",1965-05-29,"Platinum"
759212,2023-07-29,"White",2017-10-06,"Platinum"
344841,2023-07-30,"White",2002-12-09,"Basic"
964885,2023-07-31,"Asian",1990-01-05,"Basic"
879426,2023-07-31,"Other",1996-09-28,"Gold"
647719,2023-08-01,"Black",2000-07-20,"Gold"
115026,2023-08-01,"Asian",1993-02-26,"Basic"
107924,2023-08-02,"Black",1975-09-02,"Gold"
604078,2023-08-02,"Asian",1997-09-18,"Basic"
222493,2023-08-02,"Asian",1941-12-06,"Platinum"
660049,2023-08-02,"Asian",1984-11-21,"Basic"
499227,2023-08-03,"Other",1978-09-12,"Gold"
425443,2023-08-04,"Black",1977-07-17,"Platinum"
825747,2023-08-04,"Black",1958-10-07,"Basic"
970285,2023-08-04,"Other",1988-08-21,"Basic"
699074,2023-08-04,"Other",1972-08-13,"Basic"
618456,2023-08-06,"Asian",2009-03-13,"Basic"
201221,2023-08-06,"Black",1941-11-10,"Gold"
896280,2023-08-06,"Other",1996-09-24,"Basic"
973817,2023-08-07,"Black",1990-07-26,"Gold"
642548,2023-08-08,"Black",2017-06-01,"Gold"
162027,2023-08-08,"Other",1992-03-15,"Gold"
557275,2023-08-09,"Other",1999-09-09,"Platinum"
273251,2023-08-09,"Asian",1963-03-23,"Basic"
881809,2023-08-10,"White",1961-10-29,"Basic"
239999,2023-08-10,"Black",1988-09-07,"Platinum"
717582,2023-08-10,"Other",1950-08-05,"Basic"
150324,2023-08-11,"White",2017-06-13,"Gold"
121769,2023-08-13,"Asian",1948-12-31,"Gold"
202400,2023-08-13,"White",1962-06-28,"Basic"
485343,2023-08-14,"Other",1945-06-21,"Gold"
716137,2023-08-15,"Other",1987-01-06,"Basic"
527503,2023-08-15,"White",1967-01-08,"Gold"
121392,2023-08-15,"Black",1980-04-06,"Gold"
478868,2023-08-15,"Other",1958-10-27,"Gold"
333873,2023-08-16,"Black",1994-08-31,"Platinum"
201146,2023-08-17,"Black",1976-07-01,"Basic"
938419,2023-08-17,"White",2003-10-04,"Basic"
472221,2023-08-17,"White",1994-10-12,"Platinum"
168221,2023-08-17,"Other",2003-02-26,"Gold"
124463,2023-08-18,"Other",1943-05-12,"Basic"
732882,2023-08-18,"White",1950-06-15,"Platinum"
894124,2023-08-18,"Asian",1981-10-20,"Gold"
883835,2023-08-18,"Asian",1987-11-18,"Gold"
786474,2023-08-19,"Other",1992-04-05,"Gold"
720947,2023-08-19,"Other",1997-11-17,"Basic"
940236,2023-08-20,"White",1957-12-28,"Platinum"
813986,2023-08-20,"Other",1979-05-02,"Gold"
422091,2023-08-20,"Asian",2001-03-09,"Gold"
593067,2023-08-20,"Black",2019-10-01,"Gold"
853490,2023-08-21,"Black",2011-08-18,"Basic"
332370,2023-08-21,"White",2002-10-26,"Basic"
497542,2023-08-22,"White",2005-05-19,"Gold"
398707,2023-08-22,"Black",2012-05-03,"Gold"
692114,2023-08-22,"Asian",1973-09-10,"Platinum"
610368,2023-08-22,"Other",1965-07-15,"Basic"
488809,2023-08-23,"Black",2004-07-24,"Platinum"
850145,2023-08-23,"Other",2019-04-04,"Gold"
630270,2023-08-23,"Other",1964-01-26,"Platinum"
253699,2023-08-23,"Other",1954-12-31,"Gold"
982613,2023-08-23,"White",1949-05-29,"Platinum"
146884,2023-08-24,"Black",1961-05-19,"Basic"
340036,2023-08-25,"Other",1952-10-16,"Gold"
374944,2023-08-25,"Black",1965-03-20,"Basic"
534142,2023-08-26,"Black",1954-11-09,"Gold"
465564,2023-08-26,"Asian",2015-08-12,"Platinum"
378506,2023-08-26,"Other",1968-07-08,"Basic"
435115,2023-08-26,"Other",2012-02-07,"Basic"
673773,2023-08-26,"White",1951-09-22,"Gold"
127539,2023-08-27,"Other",2001-10-02,"Platinum"
911428,2023-08-27,"Black",2005-05-04,"Gold"
402835,2023-08-27,"Other",1941-05-25,"Platinum"
166958,2023-08-27,"Black",1947-05-02,"Platinum"
151356,2023-08-28,"Asian",2013-02-11,"Basic"
793732,2023-08-28,"Asian",1986-05-19,"Platinum"
269274,2023-08-28,"White",2000-01-08,"Platinum"
103488,2023-08-28,"Other",1957-09-26,"Basic"
312324,2023-08-28,"White",2016-08-13,"Gold"
935038,2023-08-28,"Black",2007-01-24,"Platinum"
698848,2023-08-28,"White",1970-05-08,"Platinum"
101744,2023-08-29,"Asian",1945-01-21,"Basic"
900582,2023-08-29,"Asian",1963-12-09,"Gold"
620952,2023-08-30,"White",1979-09-05,"Platinum"
697757,2023-08-30,"Other",1989-02-03,"Gold"
414182,2023-08-30,"White",1973-01-24,"Gold"
256547,2023-08-30,"Black",2013-08-21,"Gold"
549892,2023-08-30,"Asian",1959-07-05,"Gold"
268478,2023-08-31,"Black",1952-06-14,"Gold"
350315,2023-08-31,"Black",2014-04-11,"Gold"
951213,2023-08-31,"Asian",1982-08-29,"Basic"
488622,2023-08-31,"Black",1945-02-19,"Gold"
319351,2023-09-01,"Black",1961-08-11,"Gold"
569494,2023-09-01,"Black",1976-08-30,"Gold"
889441,2023-09-02,"Asian",2000-09-23,"Basic"
986393,2023-09-02,"Black",2003-12-14,"Basic"
827538,2023-09-02,"White",1982-12-21,"Gold"
428406,2023-09-02,"Asian",1972-08-08,"Basic"
662004,2023-09-03,"Black",2014-04-03,"Platinum"
152219,2023-09-03,"Black",1968-11-18,"Basic"
451570,2023-09-04,"Other",1974-04-21,"Gold"
947646,2023-09-05,"Asian",1968-04-14,"Gold"
145716,2023-09-05,"Asian",1995-03-20,"Gold"
808972,2023-09-05,"Other",2006-02-19,"Platinum"
534626,2023-09-05,"White",1944-06-25,"Platinum"
974075,2023-09-06,"White",1982-03-24,"Basic"
228727,2023-09-06,"Other",1964-03-29,"Platinum"
734567,2023-09-06,"Black",1976-01-22,"Basic"
931023,2023-09-07,"Black",1985-03-05,"Platinum"
228495,2023-09-08,"Other",2006-04-07,"Basic"
212028,2023-09-08,"White",2008-02-19,"Basic"
166124,2023-09-08,"Black",1966-05-31,"Gold"
960401,2023-09-09,"Black",1991-02-26,"Gold"
725517,2023-09-09,"White",1943-11-29,"Basic"
188536,2023-09-09,"Other",1946-12-25,"Basic"
567696,2023-09-09,"Black",1943-09-17,"Gold"
314233,2023-09-09,"Asian",2018-12-16,"Platinum"
155384,2023-09-09,"Asian",1992-07-04,"Platinum"
350952,2023-09-10,"Black",1997-05-14,"Basic"
652834,2023-09-10,"Black",1982-11-19,"Gold"
169924,2023-09-11,"White",1977-10-20,"Platinum"
274486,2023-09-11,"White",2010-04-11,"Gold"
740085,2023-09-11,"Other",2002-10-08,"Platinum"
615502,2023-09-12,"Asian",1973-10-01,"Basic"
541236,2023-09-12,"White",1964-04-13,"Gold"
743567,2023-09-12,"Other",1971-09-19,"Platinum"
817709,2023-09-12,"Other",1988-11-03,"Platinum"
528074,2023-09-13,"Other",2013-05-26,"Gold"
445532,2023-09-13,"Black",1972-10-08,"Basic"
325886,2023-09-14,"Asian",1941-05-19,"Gold"
319379,2023-09-15,"Other",1974-05-06,"Gold"
213378,2023-09-15,"Black",1987-07-03,"Basic"
339282,2023-09-16,"Other",1968-10-31,"Basic"
382180,2023-09-16,"Other",1975-12-14,"Platinum"
660162,2023-09-16,"White",2001-12-02,"Platinum"
796180,2023-09-16,"Other",1944-03-10,"Basic"
442375,2023-09-16,"White",1985-06-15,"Platinum"
163670,2023-09-17,"White",1970-09-07,"Platinum"
252873,2023-09-17,"Other",1946-02-17,"Basic"
719232,2023-09-17,"White",1983-03-06,"Platinum"
148755,2023-09-17,"White",1970-10-21,"Platinum"
232704,2023-09-17,"Black",1956-10-20,"Gold"
661243,2023-09-17,"Other",2011-11-17,"Gold"
375840,2023-09-17,"Asian",1963-03-08,"Gold"
901811,2023-09-18,"White",1968-08-28,"Basic"
497693,2023-09-19,"Other",1970-03-14,"Platinum"
598899,2023-09-19,"Black",1999-01-10,"Basic"
997703,2023-09-19,"Other",1998-01-07,"Platinum"
356495,2023-09-20,"White",1981-02-02,"Platinum"
307727,2023-09-20,"Other",1972-01-06,"Basic"
720200,2023-09-21,"Other",1996-12-24,"Basic"
207622,2023-09-22,"White",1959-12-29,"Platinum"
546446,2023-09-23,"White",1973-03-31,"Basic"
391064,2023-09-23,"Other",1959-09-07,"Gold"
861502,2023-09-24,"Other",1981-05-07,"Basic"
158323,2023-09-24,"White",1973-05-07,"Platinum"
512357,2023-09-25,"White",2009-11-19,"Basic"
701002,2023-09-25,"White",1989-03-02,"Gold"
159537,2023-09-26,"Asian",2012-07-30,"Gold"
909727,2023-09-26,"Asian",2011-01-20,"Gold"
383716,2023-09-27,"Asian",2000-06-22,"Platinum"
892110,2023-09-27,"Asian",1955-05-27,"Gold"
272178,2023-09-28,"White",1985-03-03,"Gold"
368497,2023-09-28,"Other",1991-07-29,"Basic"
611755,2023-09-28,"Other",1949-02-11,"Platinum"
826580,2023-09-28,"Black",1975-09-06,"Gold"
801185,2023-09-29,"Other",1975-03-17,"Basic"
314876,2023-09-29,"Asian",2013-02-13,"Basic"
921939,2023-09-29,"Other",1963-02-05,"Gold"
159759,2023-09-29,"Black",1993-04-29,"Gold"
625210,2023-09-30,"Other",1995-12-23,"Gold"
222775,2023-09-30,"White",1960-11-30,"Basic"
113596,2023-09-30,"Black",2005-11-19,"Basic"
861565,2023-09-30,"Black",1996-05-19,"Basic"
385540,2023-09-30,"White",1943-02-01,"Gold"
939708,2023-09-30,"White",1971-04-01,"Basic"
125311,2023-10-01,"Black",2008-05-01,"Basic"
540772,2023-10-01,"Black",1957-05-15,"Gold"
119971,2023-10-01,"Asian",1963-05-21,"Basic"
940125,2023-10-02,"Black",1949-09-22,"Gold"
341542,2023-10-03,"Black",1984-12-26,"Gold"
644707,2023-10-03,"White",1995-07-05,"Platinum"
551306,2023-10-03,"White",2008-02-06,"Gold"
790504,2023-10-04,"White",1955-06-13,"Platinum"
673020,2023-10-04,"Other",1979-11-30,"Platinum"
754452,2023-10-04,"Other",1955-11-13,"Basic"
933326,2023-10-05,"Other",2010-10-06,"Gold"
439709,2023-10-05,"Other",2009-08-21,"Basic"
405774,2023-10-05,"Asian",1993-08-11,"Gold"
804299,2023-10-06,"Other",1957-11-04,"Gold"
251536,2023-10-06,"Asian",1957-05-14,"Basic"
900970,2023-10-07,"Asian",1985-02-27,"Basic"
889600,2023-10-07,"Asian",1946-06-02,"Gold"
682556,2023-10-07,"Black",1966-09-30,"Gold"
293767,2023-10-07,"Asian",2018-01-16,"Platinum"
803346,2023-10-08,"Other",2015-09-17,"Gold"
401721,2023-10-08,"Other",1955-12-15,"Platinum"
848661,2023-10-08,"Black",1957-12-02,"Platinum"
942724,2023-10-09,"Black",1979-05-23,"Platinum"
485637,2023-10-09,"White",2001-10-20,"Basic"
234964,2023-10-10,"Other",1962-09-14,"Platinum"
175875,2023-10-10,"Asian",1970-11-19,"Gold"
973755,2023-10-10,"Black",1998-01-12,"Platinum"
691430,2023-10-11,"Black",1988-04-25,"Platinum"
326497,2023-10-11,"Black",2013-04-24,"Basic"
897163,2023-10-11,"Other",1986-10-05,"Platinum"
182172,2023-10-12,"Other",1940-11-11,"Basic"
543527,2023-10-12,"Other",2013-02-23,"Gold"
769158,2023-10-12,"Asian",1996-03-09,"Basic"
111501,2023-10-12,"Black",1999-05-03,"Gold"
261886,2023-10-13,"Asian",1974-05-23,"Basic"
206041,2023-10-13,"White",2010-10-18,"Gold"
346957,2023-10-14,"Asian",1990-12-29,"Platinum"
259388,2023-10-15,"Black",1984-08-29,"Platinum"
963545,2023-10-15,"White",2001-12-19,"Basic"
677472,2023-10-16,"Black",1996-01-18,"Gold"
832494,2023-10-16,"White",1964-06-23,"Gold"
194394,2023-10-16,"Asian",1991-06-18,"Gold"
285733,2023-10-16,"Black",2000-05-19,"Gold"
503279,2023-10-17,"White",1967-04-13,"Gold"
494925,2023-10-17,"Asian",1957-11-29,"Platinum"
172511,2023-10-18,"Other",1945-07-11,"Gold"
435013,2023-10-18,"Black",1998-09-01,"Basic"
848472,2023-10-18,"Other",2009-10-20,"Gold"
851016,2023-10-18,"White",2010-01-18,"Platinum"
762634,2023-10-19,"White",1980-01-14,"Platinum"
229517,2023-10-20,"Asian",1969-05-26,"Platinum"
971397,2023-10-20,"Other",1970-10-21,"Platinum"
415762,2023-10-20,"Black",1949-11-03,"Basic"
238622,2023-10-20,"Asian",1995-10-27,"Gold"
577581,2023-10-22,"White",1960-06-22,"Platinum"
762315,2023-10-22,"White",1940-01-26,"Gold"
701647,2023-10-22,"Other",1954-04-27,"Platinum"
559179,2023-10-22,"Other",1979-02-18,"Basic"
182986,2023-10-23,"Other",2006-01-01,"Basic"
167545,2023-10-23,"White",1987-03-15,"Platinum"
189309,2023-10-24,"Other",1985-01-29,"Platinum"
701314,2023-10-24,"White",1981-03-27,"Platinum"
625189,2023-10-24,"Other",1985-07-19,"Gold"
562722,2023-10-25,"Asian",2007-08-09,"Platinum"
371271,2023-10-25,"Other",2001-08-28,"Basic"
703596,2023-10-26,"White",1948-06-06,"Platinum"
693419,2023-10-26,"Black",1950-02-27,"Gold"
165263,2023-10-26,"Other",1970-10-15,"Platinum"
423343,2023-10-27,"White",1947-07-25,"Basic"
511264,2023-10-27,"Other",1957-07-07,"Platinum"
802490,2023-10-27,"Other",1970-05-13,"Basic"
142674,2023-10-27,"Other",1987-09-02,"Basic"
388013,2023-10-27,"Black",2018-07-13,"Gold"
593905,2023-10-27,"Black",1961-12-05,"Basic"
491387,2023-10-28,"Asian",2001-11-04,"Platinum"
158058,2023-10-28,"Other",1955-02-07,"Platinum"
918029,2023-10-28,"Black",1969-11-21,"Gold"
639158,2023-10-28,"White",1989-09-29,"Platinum"
293881,2023-10-29,"Black",1963-03-10,"Basic"
217539,2023-10-29,"White",1954-07-03,"Basic"
202437,2023-10-29,"Other",1976-12-30,"Platinum"
507932,2023-10-29,"Asian",2005-08-15,"Platinum"
213994,2023-10-29,"White",1961-04-16,"Gold"
825555,2023-10-29,"Asian",2019-11-10,"Platinum"
920547,2023-10-29,"Asian",1943-12-28,"Basic"
423637,2023-10-30,"Other",1941-01-30,"Basic"
937520,2023-10-30,"Other",1964-02-08,"Gold"
759289,2023-10-30,"Asian",1965-08-09,"Platinum"
897320,2023-10-31,"White",1978-04-13,"Basic"
917106,2023-10-31,"Asian",1942-10-16,"Platinum"
919938,2023-10-31,"White",1995-12-06,"Gold"
352431,2023-10-31,"Asian",1970-12-02,"Basic"
221238,2023-11-01,"Other",1940-12-28,"Platinum"
381269,2023-11-01,"Black",1983-07-15,"Gold"
312962,2023-11-01,"White",1978-07-12,"Gold"
190312,2023-11-03,"White",2014-01-21,"Gold"
531040,2023-11-03,"White",1978-07-17,"Gold"
410607,2023-11-03,"Asian",1958-03-08,"Gold"
959681,2023-11-04,"White",1945-11-30,"Basic"
918911,2023-11-04,"Black",1954-03-05,"Gold"
141629,2023-11-04,"Other",1957-03-09,"Basic"
689247,2023-11-04,"Black",1985-11-16,"Gold"
791769,2023-11-04,"Black",1968-11-02,"Gold"
390727,2023-11-04,"Asian",1972-10-09,"Basic"
601677,2023-11-05,"Other",1964-01-09,"Basic"
504043,2023-11-05,"Asian",1986-04-01,"Basic"
892338,2023-11-05,"White",1961-06-03,"Platinum"
753388,2023-11-06,"Asian",1952-05-16,"Platinum"
879093,2023-11-06,"Black",1968-09-21,"Gold"
595254,2023-11-06,"Other",1942-05-06,"Platinum"
129983,2023-11-07,"Asian",2001-04-12,"Basic"
279177,2023-11-07,"White",1967-02-26,"Basic"
785851,2023-11-08,"Other",1981-06-12,"Basic"
950849,2023-11-08,"Black",1990-07-30,"Gold"
874417,2023-11-09,"Other",1985-08-12,"Platinum"
494788,2023-11-11,"Black",1968-05-05,"Gold"
335173,2023-11-11,"White",1942-01-28,"Gold"
220298,2023-11-12,"Asian",1978-07-05,"Gold"
713378,2023-11-13,"Black",1977-09-28,"Basic"
112161,2023-11-13,"Asian",1967-06-27,"Platinum"
963473,2023-11-13,"White",2014-10-01,"Platinum"
168605,2023-11-14,"Black",1983-09-26,"Basic"
848904,2023-11-14,"White",1962-01-06,"Basic"
753670,2023-11-14,"Black",1991-12-04,"Basic"
235138,2023-11-15,"Asian",1967-04-23,"Platinum"
952333,2023-11-15,"Other",2000-03-05,"Gold"
512023,2023-11-16,"Black",1957-04-05,"Gold"
761978,2023-11-17,"Asian",1991-11-04,"Gold"
664737,2023-11-19,"Black",2000-07-07,"Gold"
774922,2023-11-19,"Black",2011-08-14,"Gold"
755822,2023-11-19,"Black",1942-07-04,"Gold"
748491,2023-11-20,"Asian",1957-12-07,"Platinum"
260096,2023-11-20,"Black",1955-01-10,"Basic"
829132,2023-11-20,"Other",1991-05-19,"Gold"
271529,2023-11-21,"Asian",2012-07-10,"Platinum"
697830,2023-11-21,"White",1948-11-14,"Gold"
694902,2023-11-21,"Asian",2001-03-30,"Basic"
701108,2023-11-21,"White",1975-10-29,"Basic"
140062,2023-11-22,"Black",2012-06-07,"Platinum"
824746,2023-11-23,"Black",1984-11-29,"Platinum"
145928,2023-11-23,"Other",1941-08-16,"Basic"
345518,2023-11-23,"Black",1994-12-22,"Platinum"
983346,2023-11-24,"Asian",1951-08-19,"Basic"
450210,2023-11-24,"Other",2018-08-24,"Basic"
575378,2023-11-24,"White",1974-04-07,"Platinum"
939786,2023-11-25,"Other",1997-06-16,"Gold"
949651,2023-11-25,"Other",1940-09-13,"Platinum"
784400,2023-11-26,"Asian",2002-12-10,"Gold"
720946,2023-11-26,"White",1984-06-07,"Basic"
838906,2023-11-26,"White",1976-06-01,"Gold"
311054,2023-11-26,"Black",1956-11-21,"Gold"
808528,2023-11-26,"White",1992-04-05,"Gold"
224213,2023-11-27,"Other",1992-01-17,"Platinum"
669652,2023-11-28,"Other",2009-05-28,"Platinum"
176117,2023-11-28,"Asian",1966-04-19,"Gold"
943346,2023-11-30,"Other",1957-08-27,"Basic"
271596,2023-11-30,"White",2000-09-10,"Gold"
587714,2023-12-01,"White",1952-10-02,"Gold"
441581,2023-12-01,"White",2018-07-06,"Gold"
461508,2023-12-02,"Other",1996-07-12,"Gold"
237507,2023-12-02,"Black",1944-04-06,"Basic"
801415,2023-12-02,"Asian",2010-07-07,"Gold"
174699,2023-12-02,"Asian",1989-03-13,"Gold"
268700,2023-12-04,"White",2008-10-05,"Gold"
548663,2023-12-04,"Asian",1949-05-31,"Basic"
130835,2023-12-04,"White",1984-06-07,"Basic"
569923,2023-12-04,"Other",1975-12-30,"Gold"
343327,2023-12-05,"Asian",1949-06-12,"Gold"
334199,2023-12-05,"White",2003-05-11,"Gold"
704040,2023-12-06,"Asian",1993-08-01,"Basic"
926550,2023-12-06,"Asian",1942-10-31,"Basic"
983034,2023-12-06,"Asian",1972-11-13,"Platinum"
376499,2023-12-06,"Asian",1969-01-27,"Platinum"
511565,2023-12-07,"Black",1995-03-17,"Platinum"
306981,2023-12-07,"Other",1983-01-27,"Basic"
968967,2023-12-07,"Asian",1992-12-24,"Gold"
226854,2023-12-07,"White",1988-08-03,"Gold"
147410,2023-12-08,"White",2008-10-02,"Platinum"
745654,2023-12-08,"Other",1996-11-25,"Gold"
878212,2023-12-08,"White",1957-03-01,"Basic"
285333,2023-12-08,"Other",1948-03-22,"Gold"
759970,2023-12-08,"White",1969-08-22,"Gold"
663205,2023-12-08,"Black",1981-03-30,"Platinum"
853101,2023-12-08,"Other",1984-04-13,"Basic"
480246,2023-12-08,"Asian",1982-04-13,"Platinum"
428431,2023-12-09,"Other",1993-04-27,"Basic"
232108,2023-12-10,"Asian",2009-01-24,"Gold"
141861,2023-12-10,"Other",2005-06-13,"Gold"
536823,2023-12-11,"Black",1985-06-17,"Gold"
932627,2023-12-12,"Other",1953-12-01,"Platinum"
128635,2023-12-12,"Asian",2012-06-16,"Basic"
537959,2023-12-12,"Black",2017-10-23,"Gold"
970548,2023-12-12,"Asian",1996-05-09,"Platinum"
158712,2023-12-13,"Black",1948-11-27,"Gold"
721246,2023-12-13,"Asian",2002-06-24,"Gold"
725107,2023-12-13,"Black",1991-05-07,"Gold"
906500,2023-12-14,"Other",2007-05-31,"Platinum"
906366,2023-12-14,"Asian",2015-05-15,"Gold"
314848,2023-12-14,"Asian",2015-11-30,"Gold"
868193,2023-12-14,"White",1948-09-11,"Basic"
271167,2023-12-15,"Asian",1944-05-23,"Platinum"
194739,2023-12-15,"Other",2002-03-29,"Basic"
471152,2023-12-15,"Asian",1990-09-29,"Platinum"
855858,2023-12-15,"White",1959-11-20,"Platinum"
560261,2023-12-15,"Black",1949-03-04,"Platinum"
119168,2023-12-15,"Asian",2015-04-15,"Basic"
973596,2023-12-16,"Other",1971-02-22,"Platinum"
722586,2023-12-16,"White",1942-05-15,"Gold"
864964,2023-12-16,"Black",1973-01-08,"Platinum"
554998,2023-12-16,"Black",1997-11-06,"Platinum"
305736,2023-12-16,"Asian",1978-08-15,"Basic"
421991,2023-12-17,"Other",1942-09-09,"Gold"
649104,2023-12-17,"Other",1946-03-05,"Platinum"
716900,2023-12-18,"Asian",2003-09-30,"Gold"
829567,2023-12-19,"Asian",2019-05-17,"Gold"
353144,2023-12-19,"Other",2019-12-08,"Gold"
850734,2023-12-19,"White",1968-02-20,"Platinum"
657908,2023-12-19,"Asian",1973-08-21,"Platinum"
187833,2023-12-20,"Other",1992-04-08,"Basic"
354147,2023-12-20,"Black",2019-04-14,"Gold"
765708,2023-12-21,"Black",1982-06-27,"Basic"
270858,2023-12-21,"Black",2004-08-24,"Basic"
230685,2023-12-21,"Other",1961-02-17,"Platinum"
694973,2023-12-21,"Other",2017-10-24,"Platinum"
931463,2023-12-22,"Other",1978-08-30,"Platinum"
501352,2023-12-22,"Black",1971-06-29,"Basic"
602470,2023-12-22,"Black",2018-07-12,"Gold"
765987,2023-12-22,"Black",1989-06-25,"Platinum"
607350,2023-12-22,"Other",1972-05-12,"Gold"
140408,2023-12-23,"Black",1955-03-17,"Gold"
135215,2023-12-23,"Other",1955-02-18,"Platinum"
923843,2023-12-24,"White",2015-12-11,"Gold"
858465,2023-12-25,"Black",1957-07-02,"Basic"
594256,2023-12-25,"Other",1989-03-06,"Gold"
669150,2023-12-27,"Black",1963-10-27,"Platinum"
983979,2023-12-27,"White",1954-05-04,"Basic"
779147,2023-12-27,"Other",1989-07-28,"Basic"
521080,2023-12-27,"Black",1999-04-26,"Platinum"
947772,2023-12-27,"Asian",1964-09-14,"Gold"
163418,2023-12-28,"Other",2017-10-24,"Platinum"
203942,2023-12-28,"Asian",2016-08-27,"Gold"
679893,2023-12-28,"Asian",1951-07-02,"Basic"
714000,2023-12-28,"White",1999-11-08,"Platinum"
704688,2023-12-28,"Other",2017-01-02,"Basic"
514598,2023-12-28,"Other",1971-10-10,"Platinum"
618817,2023-12-30,"Asian",1950-12-22,"Gold"
592566,2023-12-30,"Asian",1989-05-08,"Basic"
